1722895201,1.2,46152,21
1722898801,8.4,51796,146
1722902402,48.6,51571,98
1722906001,9,50888,33
1722909601,7.8,25768,118
1722913201,18.6,51000,187
1722916802,18,51005,216
1722920401,1.8,48975,29
1722924002,0,43584,4
1722927601,1.8,43573,44
1722931202,0,43584,4
1722938401,0,43584,4
1722942001,0,43584,4
1722945602,0,43584,4
1722949201,1.2,35003,33
1722952801,0,43584,4
1722956401,0,43584,4
1722960001,0,43464,6
1722963601,0,43584,4
1722967201,0,43584,4
1722970801,2.4,50188,30
1722974401,0,43584,4
1722978001,0,40531,5
1722981601,0.6,43512,8
1722985202,1.2,36531,35
1722988801,0,43584,4
1722992402,0,43525,6
1722996002,0,43525,6
1722999601,0,43584,4
1723003201,0,43584,4
1723006802,0,43584,4
1723010402,0,43584,4
1723017601,0,43584,4
1723021201,0,40531,5
1723024801,0.6,43512,8
1723028401,0,43584,4
1723032001,0,43584,4
1723035601,0.6,35019,33
1723039201,0,43584,4
1723042801,0,43584,4
1723046401,0,43584,4
1723050002,0,43584,4
1723053601,0,43584,4
1723057201,0,43584,4
1723060802,0,43584,4
1723064401,0,40531,5
1723068001,0,43584,4
1723071601,0,49507,5
1723075202,0,43584,4
1723078802,0,43525,6
1723082401,0,43525,6
1723086002,0,43584,4
1723089601,0,43584,4
1723093201,0,43584,4
1723096801,0,43584,4
1723100402,1.8,43570,44
1723107601,0,40531,5
1723111201,0,43584,4
1723114802,0,43584,4
1723118401,0,43584,4
1723122001,1.2,35018,33
1723125601,0,43584,4
1723129201,0,43584,4
1723132802,0,43584,4
1723136401,0,43584,4
1723140002,0,43584,4
1723143601,0,43512,8
1723147202,0,43584,4
1723150801,0,40531,5
1723154401,0,43584,4
1723158001,0,49507,5
1723161601,0,43584,4
1723165201,0,43525,6
1723168801,0,43525,6
1723172402,0,43584,4
1723176002,0,43584,4
1723179601,0,43584,4
1723183201,0,43584,4
1723186801,1.8,43560,48
1723190401,0,43584,4
1723194001,0,40531,5
1723201202,0,43584,4
1723204801,0,43584,4
1723208401,1.2,35019,33
1723212001,0,43584,4
1723215601,0,43584,4
1723219201,0,43584,4
1723222802,0,43584,4
1723226401,0,43584,4
1723230001,0,43584,4
1723233601,0,43584,4
1723237202,0,41824,9
1723240802,0,43584,4
1723244401,0,49507,5
1723248002,0,43584,4
1723251602,0,43525,6
1723255202,0,43525,6
1723258802,0,43584,4
1723262401,0,43584,4
1723266001,0,43584,4
1723269601,0,43584,4
1723273201,1.8,43570,44
1723276801,0,43584,4
1723280401,0,40531,5
1723284001,0,43512,8
1723287601,0,43584,4
1723294802,0.6,35020,33
1723298401,0,43584,4
1723302001,0.6,43512,8
1723305601,0,43584,4
1723309201,0,43584,4
1723312802,0,43584,4
1723316402,0,43584,4
1723320001,0,43584,4
1723323601,0,40531,5
1723327201,0,43584,4
1723330801,0,49507,5
1723334401,0,43584,4
1723338001,0,43525,6
1723341601,0,43525,6
1723345201,0,43584,4
1723348802,0,43584,4
1723352401,0,43584,4
1723356001,0,43584,4
1723359601,1.8,43570,44
1723363201,0,43584,4
1723366801,0,40531,5
1723370401,0,43584,4
1723374001,0,43584,4
1723377601,0,43584,4
1723384802,0,43584,4
1723388401,0,43584,4
1723392001,0,43584,4
1723395601,0,43584,4
1723399202,0,43584,4
1723402802,0,43584,4
1723406401,0,43584,4
1723410002,0,40531,5
1723413601,0,43584,4
1723417202,0,49507,5
1723420801,0,43584,4
1723424402,0,43525,6
1723428001,0,43525,6
1723431602,0,43584,4
1723435202,0,43584,4
1723438801,0,43584,4
1723442402,0,43584,4
1723446002,1.8,43571,44
1723453201,0,40531,5
1723456802,0,43584,4
1723460402,0,43584,4
1723464001,0,43584,4
1723467602,0.6,34988,33
1723471201,0,43584,4
1723474801,0,43584,4
1723478401,0,43584,4
1723482001,0,43584,4
1723485602,0,43584,4
1723489201,0,43584,4
1723492801,0,43584,4
1723496401,0,40531,5
1723500001,0,43584,4
1723503601,0,43584,4
1723507201,0,49507,5
1723510802,0,43525,6
1723514401,0,43525,6
1723518001,0,43584,4
1723521602,0,43584,4
1723525202,0,43584,4
1723528801,0,43584,4
1723532402,1.8,43570,44
1723539602,0,40531,5
1723543202,0,43584,4
1723546802,0,43584,4
1723550401,0,43584,4
1723554001,0.6,34913,33
1723557601,0,43584,4
1723561201,0,43584,4
1723564801,0,43584,4
1723568401,0,43584,4
1723572002,0,43584,4
1723575602,0,43584,4
1723579201,0,43584,4
1723582801,0,40531,5
1723586401,0,43584,4
1723590002,0,43584,4
1723593602,0,49507,5
1723597201,0,43525,6
1723600801,0,43525,6
1723604401,0,43584,4
1723608002,0,43584,4
1723611601,0,43584,4
1723615201,0,43584,4
1723618802,1.8,43570,44
1723626001,0,40531,5
1723629601,0,43584,4
1723633202,0,43584,4
1723636802,0,43584,4
1723640401,0.6,34805,33
1723644002,0,43464,6
1723647601,0.6,43512,8
1723651201,0,43584,4
1723654801,0,43584,4
1723658401,0,43584,4
1723662001,0,43584,4
1723665602,0,43584,4
1723669201,0,40531,5
1723672802,0,43584,4
1723676401,0,43584,4
1723680001,0,49507,5
1723683602,0,43525,6
1723687202,0,43525,6
1723690801,0.6,43512,8
1723694402,0,43584,4
1723698002,0,43512,8
1723701602,0,43584,4
1723708801,0,43584,4
1723712401,0,40531,5
1723716001,0,43584,4
1723719601,0,43584,4
1723723201,0,43584,4
1723726801,0.6,34929,33
1723730401,0,43584,4
1723734001,0,43584,4
1723737601,0,43584,4
1723741201,0,43584,4
1723744801,0,43584,4
1723748401,0,43584,4
1723752001,0,43584,4
1723755601,0.6,41824,9
1723759202,0,43584,4
1723762801,0,49507,5
1723766401,0,43584,4
1723770002,0,43525,6
1723773601,0,43525,6
1723777201,0,43584,4
1723780801,0,43584,4
1723784402,0,43584,4
1723788001,0,43584,4
1723791601,1.8,43570,44
1723795201,0,43584,4
1723798801,0.6,41824,9
1723806001,0,43584,4
1723809602,0,43584,4
1723813201,0.6,34899,33
1723816801,0,43584,4
1723820401,0,43584,4
1723824001,0.6,43512,8
1723827601,0,43584,4
1723831202,0,43584,4
1723834801,0,43584,4
1723838401,0,43584,4
1723842001,0,40531,5
1723845601,0,43584,4
1723849202,0,49507,5
1723852801,0,43584,4
1723856401,0,43525,6
1723860001,0,43525,6
1723863601,0,43584,4
1723867202,0,43584,4
1723870801,0,43584,4
1723874401,0,43584,4
1723878001,1.8,43570,44
1723881601,0,43584,4
1723888802,0,43584,4
1723892401,0,43584,4
1723896002,0,43584,4
1723899601,0.6,34930,33
1723903202,0,43584,4
1723906802,0,43584,4
1723910401,0,43584,4
1723914001,0,43584,4
1723917601,0,43584,4
1723921201,0,43584,4
1723924801,0,43584,4
1723928401,0,40531,5
1723932002,0,43584,4
1723935601,0,49507,5
1723939202,0,43584,4
1723942801,0,43525,6
1723946401,0,43525,6
1723950002,0,43584,4
1723953601,0,43584,4
1723957202,0,43584,4
1723960801,0,43584,4
1723964402,1.8,43570,44
1723968001,0.6,43512,8
1723971602,0,40531,5
1723975202,0,43584,4
1723978802,0,43584,4
1723986001,0.6,34839,33
1723989602,0,43584,4
1723993202,0,43584,4
1723996802,0,43584,4
1724000401,0,43584,4
1724004002,0,43584,4
1724007601,0,43584,4
1724011201,0,43584,4
1724014802,0,40531,5
1724018401,0.6,43512,8
1724022001,0,49507,5
1724025602,0,43584,4
1724029201,0,43525,6
1724032801,0,43525,6
1724036401,0,43584,4
1724040001,0,43584,4
1724043601,0,43584,4
1724047202,0,43584,4
1724050802,1.8,43570,44
1724054401,0,43584,4
1724061601,0,43584,4
1724065201,0,43584,4
1724068802,0,43584,4
1724072401,0.6,34839,33
1724076002,0,43584,4
1724079601,0,43584,4
1724083201,0,43584,4
1724086801,0,43584,4
1724090401,0,43584,4
1724094002,0,43584,4
1724097602,0,43584,4
1724101201,0,40531,5
1724104802,0,43584,4
1724108402,0,49507,5
1724112001,0,43584,4
1724115601,0,43525,6
1724119201,0,43525,6
1724122802,0,43584,4
1724126402,0,43584,4
1724130001,0,43584,4
1724133602,0,43584,4
1724137201,1.8,43570,44
1724140801,0,43584,4
1724144401,0,40531,5
1724148001,0,43584,4
1724151602,0,43584,4
1724155201,0,43584,4
1724162401,0,43584,4
1724166001,0,43584,4
1724169602,0,43584,4
1724173201,0,43584,4
1724176801,0,43584,4
1724180401,0,43584,4
1724184001,0,43584,4
1724187601,0,40531,5
1724191201,0,43584,4
1724194802,0,49507,5
1724198402,0,43584,4
1724202002,0,43525,6
1724205601,0,43525,6
1724209201,0,43584,4
1724212801,0,43584,4
1724216401,0,43584,4
1724220001,0,43584,4
1724223601,1.8,43570,44
1724227201,0,43584,4
1724230801,0,40531,5
1724234401,0,43584,4
1724238001,0,43584,4
1724245201,0.6,34960,33
1724248802,0,43584,4
1724252401,0,43584,4
1724256001,0,43584,4
1724259601,0,43584,4
1724263201,0,43584,4
1724266802,0,43584,4
1724270401,0,43584,4
1724274002,0,40531,5
1724277601,0,43584,4
1724281201,0,49507,5
1724284801,0,43584,4
1724288401,0.6,43491,10
1724292002,0,43525,6
1724295601,0,43584,4
1724299201,0,43584,4
1724302801,0,43584,4
1724306401,0,43584,4
1724310002,1.8,43570,44
1724313601,0,43584,4
1724317201,0,40531,5
1724320801,0,43584,4
1724328001,0,43584,4
1724331602,0.6,34780,33
1724335202,0,43584,4
1724338801,0,43584,4
1724342402,0,43584,4
1724346001,0,43584,4
1724349602,0,43584,4
1724353202,0,43584,4
1724356801,0,43584,4
1724360401,0,40531,5
1724364002,0,43584,4
1724367602,0,49507,5
1724371201,0,43584,4
1724374801,0,43523,6
1724378401,0,43523,6
1724382001,0,43584,4
1724385601,0,43584,4
1724389202,0,43584,4
1724392802,0,43584,4
1724400001,0,43584,4
1724403601,0,40531,5
1724407201,0,43584,4
1724410801,0,43584,4
1724414401,0,43584,4
1724418001,1.2,35823,37
1724421601,0.6,43512,8
1724425202,0,43584,4
1724428801,0,43584,4
1724432402,0,43584,4
1724436001,0,43584,4
1724439601,0,43584,4
1724443202,0,43584,4
1724446801,0,40531,5
1724450401,0,43584,4
1724454001,0,49507,5
1724457601,0,43584,4
1724461202,0,43525,6
1724464801,0,43525,6
1724468401,0.6,43512,8
1724472001,0,43584,4
1724475601,0,43584,4
1724479201,0.6,43512,8
1724482801,1.8,43570,44
1724486401,0,43584,4
1724493601,0,43584,4
1724497201,0,43584,4
1724500801,0,43584,4
1724504401,0.6,34987,33
1724508001,0,43584,4
1724511601,0,43584,4
1724515201,0,43584,4
1724518801,0,43584,4
1724522402,0,43584,4
1724526001,0,43584,4
1724529601,0,43584,4
1724533202,0,40531,5
1724536801,0,43584,4
1724540402,0,49507,5
1724544001,0,43584,4
1724547601,0,43525,6
1724551201,0,43525,6
1724554801,0,43584,4
1724558401,0,43584,4
1724562002,0,43584,4
1724565601,0,43584,4
1724569201,1.8,43570,44
1724576402,0,40531,5
1724580002,0,43584,4
1724583602,0,43584,4
1724587202,0,43584,4
1724590802,1.2,35718,37
1724594401,0,43584,4
1724598001,0,43584,4
1724601601,0,43584,4
1724605201,0,43584,4
1724608802,0,43584,4
1724612402,0,43584,4
1724616001,0,43584,4
1724619601,0,40531,5
1724623202,0,43584,4
1724626801,0,49507,5
1724630401,0,43584,4
1724634001,0,43525,6
1724637601,0,43525,6
1724641201,0,43584,4
1724644801,0,43584,4
1724648401,0,43584,4
1724652001,0,43584,4
1724655601,1.8,43570,44
1724659201,0,43584,4
1724662801,0,40531,5
1724666401,0,43584,4
1724673601,0,43584,4
1724677201,0.6,34870,33
1724680801,0,43584,4
1724684401,0,43584,4
1724688001,0,43584,4
1724691602,0,43584,4
1724695201,0.6,43512,8
1724698802,0,43584,4
1724702401,0,43584,4
1724706001,0.6,41824,9
1724709602,0,43584,4
1724713202,0,49507,5
1724716801,0,43584,4
1724720401,0,43525,6
1724724001,0,43525,6
1724727601,0,43584,4
1724731201,0,43584,4
1724734801,0,43584,4
1724738401,0,43584,4
1724742001,1.8,43570,44
1724745601,0,43584,4
1724749202,0,40531,5
1724752801,0,43584,4
1724756401,0,43584,4
1724763601,0.6,34809,33
1724767201,0,43584,4
1724770801,0,43584,4
1724774402,0,43584,4
1724778001,0,43584,4
1724781601,0,43584,4
1724785202,0,43584,4
1724788802,41.4,49069,276
1724792402,25.8,40288,217
1724796001,0,43584,4
1724799601,0,49507,5
1724803202,0,43584,4
1724806801,0,43525,6
1724810401,0.6,47788,9
1724814001,0,43584,4
1724817601,0,43584,4
1724821202,0,37586,5
1724824801,0,43512,8
1724828402,1.8,43571,44
1724832001,0,43584,4
1724839201,0.6,43512,8
1724842802,0,43584,4
1724846402,0.6,43512,8
1724850001,1.2,35081,33
1724853601,0,43584,4
1724857201,0,43584,4
1724860801,0,43584,4
1724864402,0,43584,4
1724868001,0,43584,4
1724871602,0,43584,4
1724875202,0,43584,4
1724878801,0,40531,5
1724882401,0.6,43512,8
1724886001,0,43584,4
1724889601,0,49507,5
1724893201,0.6,43491,10
1724896801,0,43525,6
1724900402,0.6,43512,8
1724904002,0,43584,4
1724907601,0,43584,4
1724911202,0,43584,4
1724918401,0,43584,4
1724922001,0,40531,5
1724925601,0,43584,4
1724929201,0,43584,4
1724932801,0,43584,4
1724936401,1.2,35082,33
1724940002,0,43584,4
1724943601,0,43584,4
1724947201,0,43584,4
1724950802,0,43584,4
1724954402,0,43584,4
1724958002,0,43584,4
1724961601,0,43584,4
1724965201,0.6,41824,9
1724968801,0,43584,4
1724972401,0,49507,5
1724976002,0,43584,4
1724979601,0,43525,6
1724983202,0,43525,6
1724986801,0,43584,4
1724990402,0,43584,4
1724994001,0.6,43512,8
1724997601,0,43584,4
1725001201,1.8,43570,44
1725008401,0,40531,5
1725012001,0,43584,4
1725015601,0,43584,4
1725019202,0,43584,4
1725022801,1.2,35066,33
1725026401,0,43584,4
1725030002,0,43584,4
1725033601,0.6,43512,8
1725037201,0,43584,4
1725040801,0,43584,4
1725044401,0,43584,4
1725048002,0,43584,4
1725051602,0.6,41824,9
1725055201,0,43584,4
1725058801,0,49507,5
1725062402,0,43584,4
1725066001,0,43525,6
1725069601,0,43525,6
1725073201,0,43584,4
1725076801,0,43584,4
1725080401,0,43584,4
1725084001,0,43584,4
1725087601,1.8,43570,44
1725094801,0,40531,5
1725098402,0,43584,4
1725102002,0,43584,4
1725105601,0,43584,4
1725109202,1.2,35084,33
1725112801,0,43584,4
1725116402,0,43584,4
1725120002,0,43584,4
1725123602,0,43584,4
1725127201,0,43584,4
1725130801,0,43584,4
1725134401,0,43584,4
1725138001,0,40531,5
1725141602,0,43584,4
1725145202,0,49507,5
1725148802,0,43584,4
1725152401,0,43525,6
1725156001,0,43525,6
1725159601,0.6,43512,8
1725163202,0,43584,4
1725166802,0,43584,4
1725170402,0,43584,4
1725174001,1.8,43571,44
1725177601,0,43584,4
1725184801,0,43584,4
1725188401,0,43584,4
1725192002,0,43584,4
1725195601,0.6,35053,33
1725199201,0,43584,4
1725202801,0,43584,4
1725206402,0,43584,4
1725210002,0,43584,4
1725213601,0,43584,4
1725217201,0,43584,4
1725220802,0,43584,4
1725224401,0,40531,5
1725228001,0,43584,4
1725231602,0,49507,5
1725235202,0,43584,4
1725238801,0,43525,6
1725242402,0,43525,6
1725246001,0,43584,4
1725249602,0,43584,4
1725253201,0,43584,4
1725256801,0,43584,4
1725260401,1.8,43570,44
1725264001,0,43584,4
1725267602,0,40531,5
1725274802,0,43584,4
1725278401,0,43584,4
1725282001,0.6,34898,33
1725285602,0,43584,4
1725289201,0,43584,4
1725292801,0,43584,4
1725296401,0,43584,4
1725300002,0,43584,4
1725303601,0,43584,4
1725307202,0,43584,4
1725310801,0,40531,5
1725314401,0,43584,4
1725318001,0,49507,5
1725321602,0,43584,4
1725325202,0,43525,6
1725328801,0,43525,6
1725332401,0,43584,4
1725336001,0,43584,4
1725339601,0,43584,4
1725343202,0,43584,4
1725346801,1.8,43571,44
1725354001,0,40531,5
1725357601,0,43584,4
1725361202,0,43584,4
1725364801,0,43584,4
1725368401,0.6,34987,33
1725372001,0,43584,4
1725375601,0,43584,4
1725379201,0,43584,4
1725382801,0,43584,4
1725386401,0,43584,4
1725390001,0,43584,4
1725393601,0,43584,4
1725397202,0,40531,5
1725400801,0,43584,4
1725404401,0,49507,5
1725408001,0,43584,4
1725411601,0,43525,6
1725415201,0,43525,6
1725418802,0,43584,4
1725422401,0,43584,4
1725426001,0,43584,4
1725429601,0.6,43512,8
1725433201,1.8,43570,44
1725436801,0,43584,4
1725440401,0,40531,5
1725444002,0,43584,4
1725447601,0,43584,4
1725454801,0.6,34899,33
1725458401,0,43584,4
1725462001,0,43584,4
1725465602,0,43584,4
1725469201,0.6,43512,8
1725472801,0,43584,4
1725476402,0,43584,4
1725480001,0,43584,4
1725483601,0,40531,5
1725487202,0,43584,4
1725490801,0,49507,5
1725494401,0,43584,4
1725498001,0,43525,6
1725501602,0.6,43491,10
1725505202,0,43584,4
1725508801,0.6,43512,8
1725512402,0,43584,4
1725516001,0,43584,4
1725519602,1.8,43570,44
1725523202,0,43584,4
1725530402,0,43584,4
1725534002,0,43584,4
1725537601,0,43584,4
1725541201,0.6,35047,33
1725544801,0,43584,4
1725548402,0,43584,4
1725552001,0,43584,4
1725555601,0,43584,4
1725559201,0,43584,4
1725562801,0,43584,4
1725566401,0,43584,4
1725570001,0,40531,5
1725573601,0,43584,4
1725577202,0,49507,5
1725580801,0,43584,4
1725584401,0,43525,6
1725588001,0,43525,6
1725591602,0,43584,4
1725595201,0,43584,4
1725598801,0,43584,4
1725602402,0,43584,4
1725606002,1.8,43570,44
1725609602,0,43584,4
1725616801,0,43584,4
1725620402,0,43584,4
1725624001,0,43584,4
1725627601,0.6,35018,33
1725631201,0,43584,4
1725634801,0,43584,4
1725638401,0,43584,4
1725642001,0,43584,4
1725645601,0,43584,4
1725649201,0,43584,4
1725652802,0,43584,4
1725656401,0,40531,5
1725660002,0,43584,4
1725663601,0,49507,5
1725667201,0,43584,4
1725670802,0,43525,6
1725674401,0,43525,6
1725678002,0,43584,4
1725681601,0,43584,4
1725685201,0,43584,4
1725688801,0,43584,4
1725692401,1.8,43571,44
1725696001,0,43584,4
1725699601,0,40531,5
1725706801,0,43584,4
1725710401,0,43584,4
1725714001,0.6,34863,33
1725717602,0,43584,4
1725721201,0,43584,4
1725724801,0,43584,4
1725728402,0,43584,4
1725732001,0,43584,4
1725735601,0,43584,4
1725739202,0,43584,4
1725742802,0,40531,5
1725746401,0,43584,4
1725750001,0,49507,5
1725753601,0,43584,4
1725757201,0,43525,6
1725760802,0,43525,6
1725764401,0,43584,4
1725768001,0,43584,4
1725771602,0,43584,4
1725775202,0,43584,4
1725778802,1.8,43570,44
1725782402,0,43584,4
1725786002,0,40531,5
1725789601,0,43584,4
1725793201,0,43584,4
1725800401,0.6,34896,33
1725804001,0,43584,4
1725807601,0,43584,4
1725811202,0,43584,4
1725814802,0,43584,4
1725818401,0.6,43512,8
1725822001,0,43584,4
1725825602,0,43584,4
1725829202,0,40531,5
1725832802,0,43584,4
1725836402,0,49507,5
1725840001,0,43584,4
1725843602,0,43525,6
1725847201,0,43525,6
1725850801,0,43584,4
1725854402,0,43584,4
1725858001,0,43584,4
1725861602,0.6,43512,8
1725865202,1.8,43570,44
1725868801,0,43584,4
1725876001,0,43584,4
1725879601,0.6,43512,8
1725883202,0,43584,4
1725886801,0.6,34927,33
1725890402,0,43584,4
1725894001,0,43584,4
1725897601,0,43584,4
1725901202,0.6,43512,8
1725904801,0,43584,4
1725908401,0,43584,4
1725912001,0,43584,4
1725915602,0,40531,5
1725919202,0,43584,4
1725922802,0,49507,5
1725926402,0,43584,4
1725930001,0,43525,6
1725933601,0,43525,6
1725937201,0,43584,4
1725940802,0,43584,4
1725944401,0,43584,4
1725948002,0,43584,4
1725951601,1.8,43570,44
1725955202,0,43584,4
1725958801,0,40531,5
1725966001,0,43584,4
1725969601,0,43584,4
1725973202,0.6,34992,33
1725976801,0.6,43512,8
1725980401,0,43584,4
1725984002,0,43584,4
1725987601,0,43584,4
1725991201,0,43584,4
1725994801,0,43584,4
1725998401,0,43584,4
1726002002,0,40531,5
1726005601,0,43584,4
1726009201,0,49507,5
1726012802,0,43584,4
1726016402,0,43525,6
1726020002,0,43525,6
1726023601,0,43584,4
1726027202,0,43584,4
1726030801,0,43584,4
1726034401,0,43584,4
1726041601,0,43584,4
1726045202,0,40531,5
1726048801,0,43584,4
1726052402,0,43584,4
1726056002,0,43584,4
1726059601,1.2,34928,33
1726063201,0.6,43512,8
1726066801,0,43584,4
1726070401,0,43584,4
1726074002,0,43584,4
1726077601,0,43584,4
1726081202,0.6,43512,8
1726084801,0,43584,4
1726088401,0,40531,5
1726092002,0,43584,4
1726095601,0,49507,5
1726099201,0,43584,4
1726102801,0,43525,6
1726106401,0.6,43491,10
1726110001,0,43584,4
1726113601,0,43584,4
1726117201,0,43584,4
1726120801,0,43584,4
1726124401,1.8,43570,44
1726128002,0,43584,4
1726131601,0,40531,5
1726135202,0,43584,4
1726142402,0,43584,4
1726146001,0.6,35020,33
1726149601,0,43584,4
1726153202,0.6,43512,8
1726156801,0,43584,4
1726160401,0,43584,4
1726164002,0,43584,4
1726167601,0,43584,4
1726171201,0,43584,4
1726174801,0,40531,5
1726178401,0.6,43512,8
1726182001,0,49507,5
1726185601,0,43584,4
1726189202,0,43525,6
1726192801,0,43525,6
1726196401,0,43584,4
1726200001,0,43584,4
1726203601,0,43584,4
1726207202,0.6,43512,8
1726210801,1.8,43570,44
1726214401,0,43584,4
1726221601,0.6,43512,8
1726225202,0,43584,4
1726228801,0,43584,4
1726232401,0.6,35045,33
1726236002,0.6,43512,8
1726239601,0.6,43512,8
1726243201,0,43584,4
1726246801,0,43584,4
1726250401,0,43584,4
1726254001,0,43584,4
1726257601,0,43584,4
1726261202,0,40531,5
1726264801,0,43584,4
1726268401,0,49507,5
1726272001,0,43584,4
1726275602,0,43525,6
1726279201,0,43525,6
1726282802,0,43584,4
1726286402,0,43584,4
1726290001,0,43584,4
1726293601,0,43584,4
1726300801,0,43584,4
1726304401,0,40531,5
1726308001,0,43584,4
1726311601,0,43584,4
1726315201,0,43584,4
1726318802,0.6,35079,33
1726322402,0,43584,4
1726326002,0,43584,4
1726329602,0,43584,4
1726333201,0,43584,4
1726336801,0,43584,4
1726340401,0,43584,4
1726344001,0.6,43512,8
1726347602,0,40531,5
1726351202,0,43584,4
1726354801,0,49507,5
1726358401,0,43584,4
1726362002,0,43525,6
1726365601,0,43525,6
1726369202,0,43584,4
1726372801,0,43584,4
1726376402,0.6,43512,8
1726380001,0,43584,4
1726383601,1.8,43570,44
1726387202,0,43584,4
1726390801,0,40531,5
1726394401,0,43584,4
1726398001,0,43584,4
1726405202,0.6,35051,33
1726408801,0.6,43512,8
1726412401,0,43584,4
1726416001,0,43584,4
1726419601,0,43584,4
1726423201,0,43512,8
1726426801,0,43584,4
1726430401,0,43584,4
1726434001,0,40531,5
1726437601,0,43584,4
1726441201,0,49507,5
1726444801,0,43584,4
1726448401,0,43525,6
1726452002,0,43525,6
1726455601,0.6,43512,8
1726459201,0.6,43512,8
1726462801,0,43584,4
1726466402,0,43584,4
1726470002,1.8,43571,44
1726477201,0,40531,5
1726480801,0,43584,4
1726484402,0,43584,4
1726488002,0,43584,4
1726491601,0.6,34960,33
1726495201,0,43584,4
1726498801,0,43584,4
1726502401,0,43584,4
1726506001,0,43584,4
1726509602,0,43584,4
1726513201,0,43584,4
1726516802,0,43584,4
1726520402,0,40531,5
1726524001,0,43584,4
1726527601,0,49507,5
1726531201,0,43584,4
1726534801,0,43525,6
1726538401,0,43525,6
1726542001,0,43584,4
1726545602,0,43584,4
1726549201,0,43584,4
1726552801,0,43584,4
1726556402,1.8,43571,44
1726563602,0,40531,5
1726567202,0,43584,4
1726570801,0,43584,4
1726574401,0,43584,4
1726578001,0.6,34881,33
1726581601,0,43584,4
1726585201,0,43584,4
1726588801,0.6,43512,8
1726592401,0,43584,4
1726596002,0,43584,4
1726599601,0,43584,4
1726603201,0,43584,4
1726606801,0,40531,5
1726610402,0,43584,4
1726614002,0,49507,5
1726617602,0,43584,4
1726621202,0.6,43491,10
1726624801,0,43525,6
1726628402,0,43584,4
1726632002,0,43584,4
1726635602,0,43584,4
1726639201,0,43584,4
1726642801,1.8,43571,44
1726646402,0,43584,4
1726653601,0,43584,4
1726657201,0,43584,4
1726660801,0,43584,4
1726664401,0.6,34749,33
1726668001,0,43584,4
1726671601,0,43584,4
1726675202,0,43584,4
1726678801,0,43584,4
1726682401,0,43584,4
1726686002,0,43584,4
1726689601,0,43584,4
1726693201,0,40531,5
1726696801,0,43584,4
1726700401,0,49507,5
1726704001,0,43584,4
1726707601,0,43525,6
1726711201,0,43525,6
1726714801,0,43584,4
1726718402,0,43584,4
1726722001,0,43584,4
1726725602,0,43584,4
1726729202,1.8,43571,44
1726732801,0,43584,4
1726736402,0,40531,5
1726740001,0,43584,4
1726743601,0,43584,4
1726747202,0,43584,4
1726754401,0,43584,4
1726758001,0,43584,4
1726761602,0,43584,4
1726765201,0,43584,4
1726768801,0,43584,4
1726772401,0,43584,4
1726776001,0,43584,4
1726779601,0.6,41824,9
1726783202,0,43584,4
1726786801,0.6,46811,9
1726790401,0,43584,4
1726794001,0,43525,6
1726797601,0,43525,6
1726801202,0,43584,4
1726804801,0,43584,4
1726808401,0,43584,4
1726812001,0,43584,4
1726815601,1.8,43571,44
1726819202,0,43584,4
1726826401,0,43584,4
1726830001,0,43584,4
1726833601,0,43584,4
1726837201,0.6,34900,33
1726840801,0,43584,4
1726844402,0,43584,4
1726848001,0,43584,4
1726851602,0,43584,4
1726855202,0,43584,4
1726858801,0,43584,4
1726862401,0.6,43512,8
1726866002,0,40531,5
1726869601,0,43584,4
1726873201,0,49507,5
1726876802,0,43584,4
1726880402,0.6,43525,6
1726884002,0,43525,6
1726887601,0,43584,4
1726891202,0,43584,4
1726894801,0,43468,4
1726898401,0,43584,4
1726902002,1.8,43571,44
1726909202,0,40531,5
1726912802,0,43584,4
1726916402,0,43584,4
1726920001,0,43584,4
1726923601,0.6,34895,33
1726927201,0,43584,4
1726930801,0,43584,4
1726934401,0,43584,4
1726938001,0,43584,4
1726941601,0,43584,4
1726945201,0,43584,4
1726948801,0,43584,4
1726952401,0,40531,5
1726956001,0,43584,4
1726959601,0,49507,5
1726963202,0,43584,4
1726966801,0,43525,6
1726970402,0,43525,6
1726974002,0,43584,4
1726977601,0,43584,4
1726981201,0,43584,4
1726984802,0,43584,4
1726988402,1.8,43571,44
1726992001,0,43584,4
1726995601,0,40531,5
1726999202,0,43584,4
1727002801,0,43584,4
1727010001,0.6,35046,33
1727013601,0,43584,4
1727017201,0,43584,4
1727020801,0,43584,4
1727024401,0,43584,4
1727028001,0,43584,4
1727031601,0,43584,4
1727035201,0,43584,4
1727038801,0,40531,5
1727042401,0,43584,4
1727046001,0,49507,5
1727049601,0,43584,4
1727053202,0,43525,6
1727056802,0,43525,6
1727060401,0.6,43512,8
1727064002,0,43584,4
1727067601,0,43584,4
1727071202,0,43584,4
1727074801,1.8,43570,44
1727078401,0,43584,4
1727082001,0,40531,5
1727089201,0,43584,4
1727092801,0,43584,4
1727096402,1.2,34957,33
1727100002,0,43584,4
1727103601,0,43584,4
1727107201,0,43584,4
1727110801,0.6,43512,8
1727114401,0,43584,4
1727118001,0,43584,4
1727121601,0,43584,4
1727125201,0,40531,5
1727128802,0,43584,4
1727132401,0,49507,5
1727136001,0,43584,4
1727139602,0,43525,6
1727143201,0,43525,6
1727146802,0.6,43512,8
1727150402,0,43584,4
1727154002,0,43584,4
1727157601,0,43584,4
1727161202,1.8,43570,44
1727164801,0,43584,4
1727168401,0,40531,5
1727175601,0,43584,4
1727179201,0,43584,4
1727182802,0.6,35054,33
1727186401,0,43584,4
1727190001,0,43584,4
1727193602,0,43584,4
1727197201,0,43584,4
1727200802,0,43584,4
1727204401,0,43584,4
1727208001,0,43584,4
1727211601,0.6,41824,9
1727215202,0,43584,4
1727218801,0,49507,5
1727222402,0,43584,4
1727226001,0,43525,6
1727229601,0.6,43491,10
1727233201,0,43584,4
1727236801,0,43584,4
1727240402,0,43584,4
1727244001,0,43584,4
1727247602,1.8,43570,44
1727251201,0,43584,4
1727254801,0,40531,5
1727262001,0,43584,4
1727265601,0,43584,4
1727269202,1.2,35874,37
1727272802,0,43584,4
1727276401,0,43584,4
1727280001,0,43584,4
1727283602,0,43584,4
1727287202,0,43584,4
1727290801,0,43584,4
1727294402,0,43584,4
1727298001,0,40531,5
1727301601,0,43584,4
1727305201,0,49507,5
1727308802,0,43584,4
1727312401,0,43525,6
1727316001,0,43525,6
1727319602,0,43584,4
1727323201,0,43584,4
1727326802,0,43584,4
1727330401,0,43584,4
1727334001,1.8,43570,44
1727337602,0,43584,4
1727341202,0,40531,5
1727344802,0,43584,4
1727352001,0,43584,4
1727355602,0.6,34975,33
1727359201,0,43584,4
1727362801,0,43584,4
1727366402,0,43584,4
1727370002,0,43584,4
1727373601,0,43584,4
1727377202,0,43584,4
1727380802,0,43584,4
1727384401,0,40531,5
1727388001,0,43584,4
1727391601,0,49507,5
1727395202,0,43584,4
1727398801,0,43525,6
1727402401,0,43525,6
1727406002,0,43584,4
1727409601,0,43584,4
1727413201,0,37586,5
1727416802,0,43584,4
1727420402,1.8,43560,48
1727424002,0,43584,4
1727431201,0.6,43512,8
1727434802,0,43584,4
1727438401,0,43584,4
1727442001,0.6,34931,33
1727445601,0,43584,4
1727449201,0,43584,4
1727452802,0,43584,4
1727456402,0.6,43512,8
1727460001,0,43584,4
1727463601,0,43584,4
1727467201,0,43584,4
1727470801,0,40531,5
1727474401,0.6,43512,8
1727478001,0,49507,5
1727481602,0,43584,4
1727485201,0,43525,6
1727488801,0,43525,6
1727492401,0,43584,4
1727496002,0,43584,4
1727499601,0,43584,4
1727503202,0,43584,4
1727506801,1.8,43571,44
1727514001,0,40531,5
1727517601,0,43584,4
1727521201,0,43584,4
1727524801,0,43584,4
1727528402,0.6,34901,33
1727532001,0,43584,4
1727535601,0,43584,4
1727539201,0,43584,4
1727542802,0.6,43512,8
1727546402,0,43584,4
1727550001,0,43584,4
1727553601,0,43584,4
1727557201,0,40531,5
1727560801,0,43584,4
1727564401,0,49507,5
1727568001,0.6,43512,8
1727571602,0,43525,6
1727575202,0,43525,6
1727578802,0,43584,4
1727582401,0,43584,4
1727586001,0,43584,4
1727589601,0,43584,4
1727593202,1.8,43571,44
1727596802,0,43584,4
1727600402,0,40531,5
1727604002,0,43584,4
1727611202,0,43584,4
1727614801,0.6,34870,33
1727618401,0,43584,4
1727622001,0,43584,4
1727625602,0,43584,4
1727629201,0,43584,4
1727632802,0,43584,4
1727636402,0,43584,4
1727640001,0,43584,4
1727643602,0,40531,5
1727647202,0,43584,4
1727650802,0,49507,5
1727654401,0,43584,4
1727658001,0,43525,6
1727661602,0,43525,6
1727665201,0,43584,4
1727668801,0,43584,4
1727672401,0.6,43512,8
1727676002,0,43584,4
1727683201,0,43584,4
1727686801,0,40531,5
1727690402,0,43584,4
1727694001,0.6,43512,8
1727697601,0,43584,4
1727701201,0.6,34838,33
1727704801,0,43584,4
1727708401,0,43584,4
1727712001,0,43584,4
1727715602,0,43584,4
1727719201,0,43584,4
1727722802,0,43584,4
1727726402,0,43512,8
1727730001,0,40531,5
1727733601,0,43584,4
1727737201,0,49507,5
1727740801,0,43584,4
1727744401,0,43525,6
1727748002,0,43525,6
1727751602,0,43584,4
1727755201,0,43584,4
1727758801,0.6,43512,8
1727762401,0,43584,4
1727766001,1.8,43571,44
1727769601,0,43584,4
1727773202,0.6,41824,9
1727776801,0,43584,4
1727780401,0,43584,4
1727784002,0,43584,4
1727791201,0,43584,4
1727794801,0,43584,4
1727798402,0,43584,4
1727802001,0,43584,4
1727805601,0,43584,4
1727809202,0,43584,4
1727812801,0,43584,4
1727816401,0,40531,5
1727820001,0,43584,4
1727823601,0,49507,5
1727827202,0,43584,4
1727830802,0,43525,6
1727834401,0,43525,6
1727838002,0,43584,4
1727841601,0,43584,4
1727845202,0,43584,4
1727848801,0,43584,4
1727852401,1.8,43571,44
1727856001,0,43584,4
1727863201,0,43584,4
1727866801,0,43584,4
1727870401,0,43584,4
1727874001,0.6,35045,33
1727877602,0,43584,4
1727881201,0.6,43512,8
1727884801,0,43584,4
1727888401,0,43584,4
1727892001,0,43584,4
1727895601,0,43584,4
1727899201,0,43584,4
1727902801,0,40531,5
1727906401,0,43584,4
1727910001,0,49507,5
1727913602,0.6,43512,8
1727917201,0.6,43491,10
1727920801,0,43525,6
1727924402,0,43584,4
1727928002,0,43584,4
1727931601,0,43584,4
1727935202,0,43584,4
1727938802,1.8,43571,44
1727942402,0,43584,4
1727946001,0,40531,5
1727949601,0,43584,4
1727956801,0,43584,4
1727960401,0.6,35016,33
1727964001,0.6,43512,8
1727967601,0,43584,4
1727971201,0,43584,4
1727974802,0,43584,4
1727978401,0,43584,4
1727982001,0,43584,4
1727985602,0,43584,4
1727989202,0,40531,5
1727992801,0,43584,4
1727996402,0,49507,5
1728000001,0.6,43512,8
1728003602,0,43525,6
1728007201,0,43525,6
1728010801,0,43584,4
1728014402,0,43584,4
1728018002,0,43584,4
1728021601,0,43584,4
1728028802,0,43584,4
1728032402,0,40531,5
1728036001,0,43584,4
1728039602,0,43584,4
1728043201,0,43584,4
1728046801,0.6,34809,33
1728050401,0,43584,4
1728054001,0,43584,4
1728057601,0,43584,4
1728061202,0,43584,4
1728064801,0.6,43512,8
1728068402,0,43584,4
1728072001,0,43584,4
1728075602,0,40531,5
1728079201,0,43584,4
1728082802,0,49507,5
1728086402,0,43584,4
1728090001,0,43525,6
1728093601,0,43525,6
1728097201,0,43584,4
1728100801,0,43584,4
1728104402,0,43584,4
1728108002,0,43584,4
1728111601,1.8,43570,44
1728115201,0,43584,4
1728118802,0,40531,5
1728126002,0,43584,4
1728129601,0,43584,4
1728133202,0.6,35019,33
1728136802,0,43584,4
1728140402,0,43584,4
1728144001,0,43584,4
1728147601,0,43584,4
1728151201,0,43584,4
1728154801,0,43584,4
1728158401,0,43584,4
1728162001,0,40531,5
1728165602,0,43584,4
1728169202,0,49507,5
1728172801,0,43584,4
1728176402,0,43525,6
1728180002,0,43525,6
1728183601,0,43584,4
1728187202,0,43584,4
1728190802,0,43584,4
1728194402,0,43584,4
1728198001,1.8,43574,44
1728201602,0,43584,4
1728205201,0,41824,9
1728208801,0,43584,4
1728216002,0,43584,4
1728219601,1.2,35082,33
1728223201,0,43584,4
1728226801,0,43584,4
1728230402,0,43584,4
1728234002,0,43584,4
1728237601,0,43584,4
1728241201,0,43584,4
1728244801,0,43584,4
1728248401,0,40531,5
1728252001,0,43584,4
1728255601,0,49507,5
1728259201,0,43584,4
1728262802,0,43525,6
1728266402,0,43525,6
1728270001,0,43584,4
1728273601,0,43584,4
1728277201,0,43584,4
1728280801,0,43584,4
1728284402,1.8,43571,44
1728288001,0,43584,4
1728295201,0,43584,4
1728298801,0,43584,4
1728302401,0,43584,4
1728306001,0.6,35080,33
1728309601,0,43584,4
1728313202,0,43584,4
1728316801,0,43584,4
1728320401,0,43584,4
1728324002,0,43584,4
1728327601,0,43584,4
1728331201,0,43584,4
1728334801,0,40531,5
1728338401,0,43584,4
1728342001,0,43584,4
1728345601,0,49507,5
1728349201,0,43525,6
1728352801,0,43525,6
1728356401,0,43584,4
1728360001,0,43584,4
1728363601,0,43584,4
1728367202,0,43584,4
1728370801,1.8,43570,44
1728374401,0,43584,4
1728378001,0,40531,5
1728381602,0,43584,4
1728385201,0,43584,4
1728388802,0,43584,4
1728396001,0,43584,4
1728399601,0,43584,4
1728403201,0,43584,4
1728406802,0,43584,4
1728410401,0,43584,4
1728414002,0,43584,4
1728417601,0,43584,4
1728421202,0,40531,5
1728424801,0,43584,4
1728428401,0,49507,5
1728432001,0,43584,4
1728435601,0,43525,6
1728439201,0,43525,6
1728442802,0,43584,4
1728446401,0,43584,4
1728450001,0,43584,4
1728453601,0,43584,4
1728457201,1.8,43570,44
1728460801,0,43584,4
1728464401,0,40531,5
1728471601,0,43584,4
1728475202,0,43584,4
1728478801,0.6,35051,33
1728482402,0,43584,4
1728486001,0,43584,4
1728489601,0,43584,4
1728493201,0,43584,4
1728496801,0,43584,4
1728500401,0,43584,4
1728504002,0,43584,4
1728507602,0,40531,5
1728511201,0,43584,4
1728514801,0,49507,5
1728518401,0,43584,4
1728522002,0,43525,6
1728525602,0,43525,6
1728529201,0,43584,4
1728532801,0,43584,4
1728536401,0,43584,4
1728540001,0,43584,4
1728543602,1.8,43571,44
1728547201,0,43584,4
1728550802,0,40531,5
1728558002,0,43584,4
1728561601,0,43584,4
1728565201,0.6,34960,33
1728568801,0,43584,4
1728572402,0,43584,4
1728576001,0.6,43512,8
1728579601,0,43584,4
1728583202,0,43584,4
1728586801,0,43584,4
1728590401,0,43584,4
1728594001,0,40531,5
1728597601,0,43584,4
1728601202,0.6,46811,9
1728604801,0,43584,4
1728608401,0,43525,6
1728612001,0,43525,6
1728615601,0.6,43512,8
1728619201,0.6,43512,8
1728622802,0,43584,4
1728626401,0,43584,4
1728633601,0,43584,4
1728637202,0,40531,5
1728640802,0,43584,4
1728644402,0,43584,4
1728648001,0,43584,4
1728651601,0.6,35048,33
1728655201,0,43584,4
1728658802,0,43584,4
1728662401,0,43584,4
1728666002,0,43584,4
1728669601,0,43584,4
1728673201,0,43584,4
1728676801,0,43584,4
1728680401,0,40531,5
1728684001,0,43584,4
1728687602,0,49507,5
1728691201,0,43584,4
1728694801,0,43525,6
1728698402,0,43525,6
1728702002,0,43584,4
1728705601,0,43584,4
1728709201,0,43584,4
1728712802,0,43584,4
1728716402,1.8,43569,44
1728723602,0,40531,5
1728727201,0,43584,4
1728730801,0,43584,4
1728734402,0,43584,4
1728738002,0.6,35017,33
1728741602,0,43584,4
1728745201,0,43584,4
1728748801,0,43584,4
1728752401,0,43584,4
1728756002,0,43584,4
1728759601,0.6,43512,8
1728763201,0,43584,4
1728766802,0,40531,5
1728770402,0,43584,4
1728774002,0,49507,5
1728777601,0,43584,4
1728781202,0,43525,6
1728784801,0,43525,6
1728788402,0,43584,4
1728792002,0,43584,4
1728795602,0,43584,4
1728799202,0,43584,4
1728802801,1.8,43570,44
1728810001,0,40531,5
1728813602,0,43584,4
1728817201,0,43584,4
1728820802,0,43584,4
1728824401,0.6,35045,33
1728828001,0,43584,4
1728831601,0,43584,4
1728835202,0,43584,4
1728838801,0,43584,4
1728842402,0,43584,4
1728846001,0,43584,4
1728849601,0,43584,4
1728853201,0,40531,5
1728856802,0.6,43512,8
1728860401,0,49507,5
1728864002,0,43584,4
1728867602,0.6,43491,10
1728871202,0,43525,6
1728874801,0,43584,4
1728878402,0,43584,4
1728882001,0,43584,4
1728885601,0,43584,4
1728889201,1.8,43571,44
1728892801,0,43584,4
1728896401,0,40531,5
1728903601,0,43584,4
1728907202,0,43584,4
1728910801,0.6,35049,33
1728914401,0,43584,4
1728918002,0,43584,4
1728921602,0,43584,4
1728925201,0,43584,4
1728928801,0,43584,4
1728932401,0.6,43512,8
1728936001,0,43584,4
1728939601,0,40531,5
1728943202,0,43584,4
1728946801,0.6,43512,8
1728950401,0,49507,5
1728954001,0,43525,6
1728957601,0,43525,6
1728961202,0,43584,4
1728964801,0,43584,4
1728968401,0,43584,4
1728972002,0,43584,4
1728975602,1.8,43570,44
1728979202,0,43584,4
1728982801,0,40531,5
1728986402,0,43584,4
1728990001,0,43584,4
1728997201,0.6,35084,33
1729000802,0,43584,4
1729004401,0,43584,4
1729008001,0,43584,4
1729011601,0,43584,4
1729015202,0,43584,4
1729018801,0,43584,4
1729022402,0,43584,4
1729026001,0,40531,5
1729029601,0,43584,4
1729033202,0,49507,5
1729036801,0,43584,4
1729040401,0,43525,6
1729044001,0.6,43491,10
1729047601,0.6,43512,8
1729051201,0,43584,4
1729054801,0,43584,4
1729058401,0,43584,4
1729062001,1.8,43571,44
1729069201,0,40531,5
1729072801,0,43584,4
1729076401,0,43584,4
1729080002,0,43584,4
1729083601,0.6,35022,33
1729087202,0,43584,4
1729090801,0,43584,4
1729094401,0,43584,4
1729098001,0,43584,4
1729101601,0,43584,4
1729105201,0,43584,4
1729108801,0,43584,4
1729112402,0,40531,5
1729116001,0,43584,4
1729119601,0,49507,5
1729123201,0,43584,4
1729126801,0,43525,6
1729130401,0,43525,6
1729134001,0,43584,4
1729137602,0,43584,4
1729141202,0,43584,4
1729144801,0,43584,4
1729148402,1.8,43570,44
1729152002,0,43584,4
1729155602,0,40531,5
1729159201,0,43584,4
1729162801,0,43584,4
1729166402,0,43584,4
1729173601,0,43584,4
1729177201,0,43584,4
1729180802,0,43584,4
1729184402,0,43584,4
1729188001,0,43584,4
1729191602,0,43584,4
1729195202,0,43584,4
1729198802,0,40531,5
1729202401,0,43584,4
1729206001,0,49507,5
1729209602,0,43584,4
1729213201,0,43525,6
1729216801,0,43525,6
1729220401,0,43584,4
1729224001,0,43584,4
1729227602,0,43584,4
1729231201,0,43584,4
1729234801,1.8,43571,44
1729242001,0,40531,5
1729245602,0,43584,4
1729249201,0,43584,4
1729252802,0,43584,4
1729256402,0.6,35080,33
1729260002,0,43584,4
1729263601,0,43584,4
1729267201,0,43584,4
1729270801,0,43584,4
1729274402,0,43584,4
1729278001,0,43584,4
1729281601,0,43584,4
1729285201,0,40531,5
1729288801,0,43584,4
1729292401,0,49507,5
1729296001,0,43584,4
1729299602,0,43525,6
1729303201,0,43525,6
1729306801,0,43584,4
1729310401,0,43584,4
1729314001,0,43584,4
1729317602,0,43584,4
1729321202,1.8,43571,44
1729324801,0,43584,4
1729328401,0,40531,5
1729335601,0,43584,4
1729339201,0,43584,4
1729342801,0.6,35051,33
1729346401,0,43584,4
1729350001,0,43584,4
1729353601,0,43584,4
1729357201,0,43464,6
1729360801,0,43584,4
1729364402,0,43584,4
1729368001,0,43584,4
1729371601,0,40531,5
1729375201,0,43584,4
1729378802,0,49507,5
1729382402,0,43584,4
1729386001,0,43525,6
1729389602,0,43525,6
1729393201,0,43584,4
1729396801,0,43584,4
1729400401,0,43584,4
1729404002,0,43584,4
1729407601,1.8,43571,44
1729411201,0,43584,4
1729414802,0,40531,5
1729422002,0,43584,4
1729425602,0,43584,4
1729429201,0.6,35083,33
1729432802,0,43584,4
1729436401,0,43584,4
1729440001,0,43584,4
1729443601,0,43584,4
1729447202,0,43584,4
1729450801,0,43584,4
1729454402,0,43584,4
1729458001,0,40531,5
1729461601,0,43584,4
1729465202,0,49507,5
1729468802,0,43584,4
1729472401,0,43525,6
1729476002,0,43525,6
1729479602,0,43584,4
1729483201,0,43584,4
1729486802,0,43584,4
1729490402,0,43584,4
1729494002,1.8,43570,44
1729497602,0,43584,4
1729501202,0,40531,5
1729504801,0,43584,4
1729508401,0,43584,4
1729515601,0.6,35021,33
1729519202,0,43584,4
1729522802,0,43584,4
1729526401,0,43584,4
1729530001,0,43584,4
1729533602,0,43584,4
1729537202,0,43584,4
1729540802,0,43584,4
1729544401,0,40531,5
1729548001,0,43584,4
1729551601,0,49507,5
1729555201,0,43584,4
1729558801,0,43525,6
1729562402,0,43525,6
1729566001,0,43584,4
1729569601,0,43584,4
1729573201,0,43584,4
1729576801,0,43584,4
1729580401,1.8,43570,44
1729584001,0,43584,4
1729587602,0,40531,5
1729591201,0,43584,4
1729594801,0,43584,4
1729602001,0.6,35048,33
1729605601,0,43584,4
1729609202,0,43584,4
1729612802,0,43584,4
1729616401,0,43584,4
1729620001,0,43584,4
1729623601,0,43584,4
1729627201,0,43584,4
1729630801,0,40531,5
1729634401,0,43584,4
1729638002,0,49507,5
1729641601,0,43584,4
1729645201,0.6,43491,10
1729648802,0,43525,6
1729652401,0,43584,4
1729656001,0,43584,4
1729659601,0,43584,4
1729663202,0,43584,4
1729666801,1.8,43570,44
1729670401,0,43584,4
1729677602,0,43584,4
1729681201,0,43584,4
1729684801,0,43584,4
1729688401,0.6,35051,33
1729692002,0,43584,4
1729695601,0,43584,4
1729699201,0,43584,4
1729702801,0,43584,4
1729706402,0,43584,4
1729710002,0,43584,4
1729713602,0,43584,4
1729717201,0,40531,5
1729720801,0,43584,4
1729724401,0,49507,5
1729728002,0,43584,4
1729731601,0,43525,6
1729735201,0,43525,6
1729738802,0,43584,4
1729742402,0,43584,4
1729746002,0,43584,4
1729749601,0,43584,4
1729756801,0,43584,4
1729760401,0,40531,5
1729764001,0,43584,4
1729767601,0,43584,4
1729771202,0,43584,4
1729774801,0.6,35023,33
1729778402,0,43584,4
1729782001,0,43584,4
1729785601,0,43584,4
1729789201,0,43584,4
1729792801,0,43584,4
1729796401,0,43584,4
1729800001,0,43584,4
1729803601,0,40531,5
1729807201,0,43584,4
1729810801,0,49507,5
1729814401,0,43584,4
1729818001,0,43525,6
1729821601,0,43525,6
1729825202,0,43584,4
1729828802,0,43584,4
1729832401,0,43584,4
1729836002,0,43584,4
1729839602,1.8,43570,44
1729843202,0,43584,4
1729850401,0,43584,4
1729854002,0,43584,4
1729857601,0,43584,4
1729861201,0.6,35051,33
1729864802,0,43584,4
1729868401,0,43584,4
1729872001,0,43584,4
1729875602,0,43584,4
1729879201,0,43584,4
1729882801,0,43584,4
1729886401,0,43584,4
1729890001,0,40531,5
1729893602,0,43584,4
1729897202,0,43584,4
1729900801,0,49507,5
1729904401,0,43525,6
1729908001,0,43525,6
1729911601,0,43584,4
1729915201,0,43584,4
1729918802,0,43584,4
1729922402,0,43584,4
1729926001,1.8,43570,44
1729929601,0,43584,4
1729933201,0,40531,5
1729940402,0,43584,4
1729944001,0,43584,4
1729947601,1.2,35067,33
1729951202,0,43584,4
1729954802,0,43584,4
1729958401,0,43584,4
1729962001,0,43584,4
1729965601,0,43584,4
1729969201,0,43584,4
1729972802,0,43584,4
1729976401,0,40531,5
1729980002,0,43584,4
1729983601,0,49507,5
1729987202,0,43584,4
1729990801,0,43525,6
1729994401,0,43525,6
1729998001,0,43584,4
1730001602,0.6,43512,8
1730005201,0,37586,5
1730008801,0,43584,4
1730012402,1.8,43570,44
1730019601,0,40531,5
1730023201,0,43584,4
1730026801,0,43584,4
1730030402,0,43584,4
1730034002,0.6,35052,33
1730037601,0,43584,4
1730041201,0,43584,4
1730044801,0,43584,4
1730048401,0,43584,4
1730052001,0,43584,4
1730055602,0,43584,4
1730059202,0,43584,4
1730062801,0,40531,5
1730066401,0,43584,4
1730070001,0,49507,5
1730073601,0,43584,4
1730077201,0,43525,6
1730080801,0,43525,6
1730084402,0,43584,4
1730088001,0,43584,4
1730091601,0,43584,4
1730095201,0,43584,4
1730098801,1.8,43571,44
1730102401,0,43584,4
1730106002,0,40531,5
1730109601,0,43584,4
1730113201,0,43584,4
1730120402,0.6,35018,33
1730124001,0,43584,4
1730127602,0,43584,4
1730131201,0,43584,4
1730134801,0,43584,4
1730138401,0,43584,4
1730142002,0,43584,4
1730145601,0,43584,4
1730149201,0,40531,5
1730152801,0,43584,4
1730156401,0,49507,5
1730160002,0,43584,4
1730163601,0,43525,6
1730167201,0,43525,6
1730170801,0,43584,4
1730174402,0,43584,4
1730178001,0,43584,4
1730181601,0,43584,4
1730185201,1.8,43571,44
1730188801,0,43584,4
1730196001,0,43584,4
1730199601,0,43584,4
1730203202,0,43584,4
1730206801,1.2,35024,33
1730210401,0,43584,4
1730214001,0,43584,4
1730217601,0,43584,4
1730221201,0,43584,4
1730224802,0,43584,4
1730228401,0,43584,4
1730232001,0,43584,4
1730235601,0,40531,5
1730239202,0,43584,4
1730242802,0,49507,5
1730246401,0,43584,4
1730250001,0,43525,6
1730253601,0,43525,6
1730257201,0.6,43512,8
1730260801,0,43584,4
1730264401,0,43584,4
1730268001,0,43584,4
1730275201,0,43584,4
1730278801,0,40531,5
1730282401,0,43584,4
1730286001,0,43584,4
1730289601,0,43584,4
1730293201,0.6,35055,33
1730296801,0,43584,4
1730300402,0,43584,4
1730304001,0,43584,4
1730307602,0,43584,4
1730311202,0,43584,4
1730314802,0,43584,4
1730318402,0,43584,4
1730322001,0,40531,5
1730325602,0,43584,4
1730329202,0,49507,5
1730332802,0,43584,4
1730336401,0,43525,6
1730340002,0,43525,6
1730343602,0,43584,4
1730347201,0,43584,4
1730350801,0,43584,4
1730354402,0,43584,4
1730358001,1.8,43570,44
1730361601,0,43584,4
1730365201,0,40531,5
1730368801,0,43584,4
1730372402,0,43584,4
1730379601,0.6,35054,33
1730383202,0,43584,4
1730386801,0,43584,4
1730390402,0,43584,4
1730394001,0,43584,4
1730397601,0,43584,4
1730401201,0,43584,4
1730404801,0,43584,4
1730408401,0.6,41824,9
1730412002,0,43584,4
1730415601,0,49507,5
1730419201,0,43584,4
1730422801,0,43525,6
1730426401,0,43525,6
1730430001,0,43584,4
1730433601,0,43584,4
1730437201,0,43584,4
1730440801,0,43584,6
1730444401,1.8,43570,44
1730448001,0,43584,4
1730451602,0,40531,5
1730455201,0,43512,8
1730458801,0,43584,4
1730466002,1.2,35053,33
1730469601,0.6,43512,8
1730473201,0,43584,4
1730476801,0,43584,4
1730480402,0,43584,4
1730484001,0,43584,4
1730487601,0,43584,4
1730491201,0,43584,4
1730494802,0,40531,5
1730498401,0,43584,4
1730502001,0,49507,5
1730505601,0,43584,4
1730509201,0,43525,6
1730512802,0,43525,6
1730516401,0,43584,4
1730520001,0,43584,4
1730523602,0,43584,4
1730527202,0,43584,4
1730530801,1.8,43571,44
1730538001,0,40531,5
1730541601,0,43584,4
1730545201,0,43584,4
1730548801,0,43584,4
1730552402,0.6,35050,33
1730556001,0,43584,4
1730559601,0,43584,4
1730563201,0,43584,4
1730566802,0,43584,4
1730570401,0,43584,4
1730574001,0,43584,4
1730577601,0,43584,4
1730581201,0,40531,5
1730584801,0,43584,4
1730588401,0,49507,5
1730592001,0,43584,4
1730595601,0,43525,6
1730599201,0,43525,6
1730602802,0,43584,4
1730606402,0,43584,4
1730610002,0,43584,4
1730613602,0,43584,4
1730620801,0,43584,4
1730624401,0,40531,5
1730628001,0,43584,4
1730631602,0,43584,4
1730635202,0,43584,4
1730638801,0.6,34970,33
1730642402,0,43584,4
1730646001,0,43584,4
1730649601,0,43584,4
1730653202,0,43584,4
1730656801,0,43584,4
1730660402,0,43584,4
1730664001,0,43584,4
1730667602,0,40531,5
1730671202,0,43584,4
1730674802,0,49507,5
1730678402,0,43584,4
1730682001,0,43525,6
1730685602,0,43525,6
1730689202,0,43584,4
1730692802,0,43584,4
1730696402,0,43584,4
1730700001,0,43584,4
1730703602,2.4,43570,44
1730707201,0,43584,4
1730710801,0,40531,5
1730714401,0,43584,4
1730718002,0,43584,4
1730725201,0.6,35018,33
1730728802,0,43584,4
1730732401,0,43584,4
1730736002,0,43584,4
1730739601,0.6,43512,8
1730743202,0,43584,4
1730746802,0,43584,4
1730750401,0,43584,4
1730754001,0,40531,5
1730757601,0,43584,4
1730761202,0,49507,5
1730764801,0,43512,8
1730768401,0,43525,6
1730772001,0,43525,6
1730775602,0,43584,4
1730779202,0,43584,4
1730782801,0,43584,4
1730786401,0,43584,4
1730790001,1.8,43570,44
1730793602,0,43584,4
1730797201,0,40531,5
1730804402,0,43584,4
1730808001,0,43584,4
1730811601,0.6,35021,33
1730815202,0,43584,4
1730818802,0,43584,4
1730822402,0,43584,4
1730826001,0,43584,4
1730829601,0,43584,4
1730833201,0,43584,4
1730836801,0,43584,4
1730840401,0,41824,9
1730844001,0,43584,4
1730847602,0,53456,6
1730851202,0,43584,4
1730854801,0,43525,6
1730858401,0,43525,6
1730862001,0,43584,4
1730865602,0,43584,4
1730869201,0,43584,4
1730872802,0,43584,4
1730876402,1.8,43570,44
1730880001,0,43584,4
1730887201,0,43584,4
1730890802,0,43584,4
1730894401,0,43584,4
1730898001,0.6,35083,33
1730901601,0,43584,4
1730905202,0,43584,4
1730908801,0.6,43512,8
1730912402,0,43584,4
1730916001,0,43584,4
1730919602,0,43584,4
1730923201,0.6,43512,8
1730926801,0,40531,5
1730930401,0,43584,4
1730934002,0,49507,5
1730937601,0,43584,4
1730941202,0.6,43491,10
1730944801,0,43525,6
1730948402,0,43584,4
1730952002,0,43584,4
1730955601,0.6,43512,8
1730959201,0,43584,4
1730962801,1.8,43570,44
1730966401,0,43584,4
1730970001,0,40531,5
1730977201,0,43584,4
1730980802,0,43584,4
1730984401,0.6,35050,33
1730988001,0.6,43512,8
1730991602,0,43584,4
1730995201,0,43584,4
1730998801,0,43584,4
1731002401,0,43584,4
1731006002,0,43584,4
1731009601,0,43584,4
1731013201,0,40531,5
1731016801,0,43584,4
1731020402,0,49507,5
1731024002,0,43584,4
1731027601,0,43525,6
1731031201,0,43525,6
1731034801,0,43584,4
1731038401,0,43584,4
1731042001,0,43584,4
1731045602,0,43584,4
1731052801,0,43584,4
1731056402,0,40531,5
1731060002,0,43584,4
1731063602,0,43584,4
1731067201,0,43584,4
1731070801,0.6,35035,33
1731074401,0,43584,4
1731078001,0,43584,4
1731081601,0,43584,4
1731085201,0,43584,4
1731088801,0,43584,4
1731092402,0,43584,4
1731096001,0,43584,4
1731099601,0,40531,5
1731103202,0,43584,4
1731106801,0,49507,5
1731110402,0,43584,4
1731114002,0,43525,6
1731117601,0,43525,6
1731121202,0,43584,4
1731124801,0,43584,4
1731128402,0,43584,4
1731132001,0,43584,4
1731135601,1.8,43570,44
1731142802,0,40531,5
1731146401,0,43584,4
1731150001,0,43584,4
1731153601,0,43584,4
1731157202,0.6,35023,33
1731160801,0,43584,4
1731164401,0,43584,4
1731168001,0,43584,4
1731171601,0,43584,4
1731175201,0,43584,4
1731178801,0.6,43512,8
1731182401,0,43584,4
1731186002,0,40531,5
1731189601,0,43584,4
1731193202,0,49507,5
1731196801,0,43584,4
1731200401,0,43525,6
1731204002,0,43525,6
1731207601,0,43584,4
1731211201,0,43584,4
1731214801,0.6,43512,8
1731218401,0,43584,4
1731222002,1.8,43559,48
1731225601,0,43512,8
1731229201,0,40531,5
1731232801,0,43584,4
1731240001,0,43584,4
1731243601,0.6,35023,33
1731247202,0,43584,4
1731250801,0,43584,4
1731254401,0,43584,4
1731258001,0,43584,4
1731261601,0,43584,4
1731265201,0,43584,4
1731268801,0,43584,4
1731272401,0,40531,5
1731276001,0,43584,4
1731279602,0,49507,5
1731283202,0,43584,4
1731286802,0.6,43491,10
1731290401,0,43525,6
1731294001,0,43584,4
1731297601,0,43584,4
1731301201,0,43584,4
1731304802,0,43584,4
1731308401,1.8,43570,44
1731312001,0,43584,4
1731315602,0,40531,5
1731319202,0,43584,4
1731322802,0,43584,4
1731330002,0.6,35022,33
1731333602,0,43584,4
1731337201,0,43584,4
1731340802,0,43584,4
1731344401,0,43584,4
1731348002,0,43584,4
1731351601,0,43584,4
1731355201,0,43584,4
1731358801,0,40531,5
1731362401,0,43584,4
1731366001,0,49507,5
1731369602,0,43584,4
1731373201,0,43525,6
1731376801,0,43525,6
1731380401,0,43584,4
1731384001,0,43584,4
1731387602,0,43584,4
1731391201,0,43584,4
1731394801,1.8,43571,44
1731398402,0,43584,4
1731402001,0,40531,5
1731405602,0,43584,4
1731409201,0,43584,4
1731416401,0.6,35020,33
1731420001,0,43404,4
1731423602,0,43584,4
1731427201,0.6,43512,8
1731430801,0,43584,4
1731434401,0,43584,4
1731438002,0,43584,4
1731441601,0,43584,4
1731445201,0,40531,5
1731448801,0,43584,4
1731452402,0,49507,5
1731456001,0.6,43512,8
1731459601,0,43525,6
1731463201,0,43525,6
1731466802,0,43584,4
1731470402,0.6,43512,8
1731474002,0,43584,4
1731477601,0,43584,4
1731481202,1.8,43559,48
1731484802,0,43584,4
1731488402,0,40531,5
1731492001,0,43584,4
1731495601,0,43584,4
1731502802,0.6,35053,33
1731506401,0,43584,4
1731510002,0,43584,4
1731513602,0.6,43512,8
1731517201,0,43584,4
1731520801,0,43584,4
1731524401,0,43584,4
1731528001,0,43584,4
1731531601,0,40531,5
1731535202,0.6,43512,8
1731538802,0,43584,4
1731542401,0,49507,5
1731546001,0,43525,6
1731549601,0,43525,6
1731553202,0,43584,4
1731556802,0,43584,4
1731560401,0,43584,4
1731564001,0,43584,4
1731567601,2.4,43571,44
1731571201,0,43584,4
1731578401,0,43584,4
1731582001,0,43584,4
1731585602,0,43584,4
1731589201,0.6,35023,33
1731592801,0,43584,4
1731596402,0,43584,4
1731600002,0,43584,4
1731603601,0,43584,4
1731607202,0,43584,4
1731610801,0,43584,4
1731614402,0,43584,4
1731618001,0,40531,5
1731621602,0,43584,4
1731625201,0.6,46811,9
1731628801,0,43584,4
1731632402,0,43525,6
1731636001,0,43525,6
1731639602,0,43584,4
1731643202,0,43584,4
1731646801,0,43584,4
1731650401,0,43512,8
1731654002,1.8,43570,44
1731657601,0,43584,4
1731661202,0,40531,5
1731664801,0,43584,4
1731668401,0,43584,4
1731672001,0,43584,4
1731679201,0,43584,4
1731682801,0,43584,4
1731686402,0,43584,4
1731690001,0.6,43512,8
1731693602,0,43584,4
1731697202,0,43584,4
1731700802,0,43584,4
1731704401,0,40531,5
1731708002,0,43584,4
1731711601,0,49507,5
1731715202,0,43584,4
1731718802,0,43525,6
1731722401,0,43525,6
1731726001,0,43512,8
1731729601,0,43584,4
1731733202,0,43584,4
1731736801,0,43512,8
1731740401,1.8,43560,48
1731744001,0,43584,4
1731747602,0,40531,5
1731751201,0,43584,4
1731754802,0,43584,4
1731758401,0,43584,4
1731765601,0,43584,4
1731769202,0,43584,4
1731772801,0.6,43512,8
1731776401,0.6,43512,8
1731780002,0.6,43512,8
1731783601,0,43584,4
1731787201,0,43584,4
1731790801,0,40531,5
1731794402,0,43584,4
1731798002,0,49507,5
1731801601,0,43584,4
1731805202,0,43525,6
1731808802,0,43525,6
1731812402,0,43584,4
1731816001,0,43584,4
1731819602,0,43584,4
1731823201,0.6,43512,8
1731830401,0,43584,4
1731834001,0,40531,5
1731837601,0,43584,4
1731841201,0,43584,4
1731844801,0,43584,4
1731848401,0.6,35049,33
1731852002,0,43584,4
1731855601,0,43584,4
1731859201,0,43584,4
1731862801,0,43584,4
1731866401,0,43584,4
1731870002,0,43584,4
1731873601,0,43584,4
1731877201,0,40531,5
1731880802,0,43584,4
1731884401,0,49507,5
1731888001,0,43584,4
1731891601,0,43525,6
1731895201,0,43525,6
1731898801,0,43584,4
1731902401,0,43584,4
1731906001,0,43584,4
1731909601,0,43584,4
1731913201,1.8,43571,44
1731920401,0,40531,5
1731924001,0.6,43512,8
1731927601,0,43584,4
1731931202,0,43584,4
1731934801,1.2,35024,33
1731938402,0,43512,8
1731942001,0,43584,4
1731945601,0,43584,4
1731949201,0.6,43512,8
1731952801,0.6,43512,8
1731956401,0,43584,4
1731960001,0,43584,4
1731963602,0,40531,5
1731967201,0,43584,4
1731970801,0,49507,5
1731974401,0,43584,4
1731978001,0.6,43491,10
1731981601,0,43525,6
1731985201,0,43584,4
1731988801,0,43584,4
1731992401,0,43584,4
1731996001,0,43584,4
1731999601,1.8,43569,44
1732003201,0,43584,4
1732010402,0,43584,4
1732014001,0,43584,4
1732017601,0,43584,4
1732021201,0.6,35003,33
1732024802,0,43584,4
1732028401,0,43584,4
1732032001,0,43584,4
1732035602,0,43584,4
1732039201,0.6,43512,8
1732042802,0,43584,4
1732046401,0,43512,8
1732050001,0,40531,5
1732053601,0,43584,4
1732057201,0,49507,5
1732060801,0,43584,4
1732064401,0,43525,6
1732068002,0,43525,6
1732071602,0,43584,4
1732075202,0.6,43512,8
1732078802,0,43584,4
1732082402,0,43584,4
1732089601,0,43584,4
1732093201,0,40531,5
1732096801,0,43584,4
1732100401,0,43584,4
1732104001,0,43584,4
1732107601,0.6,34994,33
1732111201,0,43584,4
1732114801,0,43584,4
1732118401,0,43584,4
1732122001,0,43584,4
1732125601,0,43584,4
1732129201,0,43584,4
1732132801,0,43584,4
1732136401,0,40531,5
1732140001,0,43584,4
1732143601,0.6,46811,9
1732147201,0,43584,4
1732150801,0,43525,6
1732154402,0,43525,6
1732158001,0,43584,4
1732161602,0,43584,4
1732165202,0,43584,4
1732168801,0,43584,4
1732172401,1.8,43570,44
1732179602,0,40531,5
1732183201,0,43584,4
1732186802,0,43584,4
1732190401,0,43584,4
1732194001,0.6,34888,33
1732197602,0,43584,4
1732201201,0,43584,4
1732204801,0,43584,4
1732208402,0,43584,4
1732212001,0,43584,4
1732215601,0,43584,4
1732219201,0,43584,4
1732222801,0,40531,5
1732226401,0.6,43512,8
1732230001,0,49507,5
1732233601,0,43584,4
1732237202,0,43525,6
1732240801,0,43525,6
1732244401,0,43584,4
1732248001,0,43584,4
1732251601,0,43584,4
1732255201,0,43584,4
1732258801,1.8,43570,44
1732262401,0,43584,4
1732266001,0,40531,5
1732269601,0,43584,4
1732276801,0,43584,4
1732280401,0.6,35024,33
1732284001,0,43584,4
1732287601,0,43584,4
1732291201,0.6,43512,8
1732294801,0,43584,4
1732298402,0,43584,4
1732302002,0,43584,4
1732305601,0,43584,4
1732309201,0,40531,5
1732312801,0,43584,4
1732316401,0.6,47767,7
1732320002,0,43584,4
1732323601,0,43525,6
1732327201,0,43525,6
1732330801,0,43584,4
1732334401,0,43584,4
1732338001,0,43584,4
1732341601,0,43584,4
1732345201,1.2,43571,44
1732348801,0,43584,4
1732352401,0,40531,5
1732356002,0.6,43512,8
1732359601,0,43584,4
1732366801,0.6,35085,33
1732370402,0,43584,4
1732374001,0,43584,4
1732377602,0,43584,4
1732381201,0.6,43454,10
1732384802,0,43584,4
1732388401,0,43584,4
1732392001,0,43584,4
1732395601,0,40531,5
1732399201,0,43584,4
1732402801,0,49507,5
1732406401,0,43584,4
1732410002,0,43525,6
1732413601,0,43525,6
1732417201,0,43584,4
1732420802,0,43584,4
1732424401,0,43584,4
1732428001,0.6,43512,8
1732431601,1.8,43571,44
1732438801,0.6,41824,9
1732442401,0,43584,4
1732446001,0,43584,4
1732449601,0,43584,4
1732453202,0.6,34948,33
1732456801,0,43584,4
1732460401,0,43584,4
1732464001,0,43584,4
1732467602,0,43584,4
1732471201,0,43584,4
1732474801,0,43584,4
1732478402,0,43584,4
1732482002,0,40531,5
1732485601,0,43584,4
1732489201,0,49507,5
1732492802,0.6,43512,8
1732496401,0,43525,6
1732500002,0,43525,6
1732503602,0,43584,4
1732507202,0,43584,4
1732510801,0,43584,4
1732514401,0,43512,8
1732518001,1.8,43571,44
1732521601,0,43584,4
1732528801,0.6,43512,8
1732532402,0.6,43512,8
1732536001,0,43584,4
1732539601,1.2,35050,33
1732543202,0,43584,4
1732546801,0,43584,4
1732550402,0,43584,4
1732554001,0,43584,4
1732557601,0,43584,4
1732561201,0,43584,4
1732564801,0,43584,4
1732568401,0,40531,5
1732572001,0,43584,4
1732575601,0,49507,5
1732579201,0,43584,4
1732582802,0.6,43491,10
1732586401,0,43525,6
1732590001,0,43584,4
1732593601,0,43584,4
1732597201,0,37586,5
1732600801,0,43584,4
1732604401,2.4,43570,44
1732611601,0,40531,5
1732615202,0,43584,4
1732618801,0,43584,4
1732622401,0,43512,8
1732626002,0.6,35008,33
1732629602,0.6,43512,8
1732633201,0,43584,4
1732636801,0,43584,4
1732640401,0,43584,4
1732644001,0,43584,4
1732647601,0,43584,4
1732651201,0,43584,4
1732654802,0,40531,5
1732658401,0,43584,4
1732662002,0,49507,5
1732665601,0,43584,4
1732669201,0,43525,6
1732672801,0,43525,6
1732676402,0,43584,4
1732680002,0,43584,4
1732683602,0,43584,4
1732687201,0,43584,4
1732690801,1.8,43569,44
1732694401,0,43584,4
1732698002,0,40531,5
1732705201,0,43584,4
1732708802,0,43584,4
1732712401,0.6,35064,33
1732716002,0,43584,4
1732719601,0,43584,4
1732723201,0,43584,4
1732726801,0,43584,4
1732730402,0,43584,4
1732734002,0,43584,4
1732737601,0,43584,4
1732741202,0,40531,5
1732744802,0,43584,4
1732748402,0.6,46811,9
1732752001,0,43584,4
1732755601,0.6,43491,10
1732759201,0,43525,6
1732762802,0,43584,4
1732766401,0,43584,4
1732770001,0,43584,4
1732773601,0,43584,4
1732777202,2.4,43570,44
1732780801,0,43584,4
1732784401,0,40531,5
1732791601,0,43584,4
1732795201,0,43584,4
1732798801,0.6,34965,33
1732802401,0,43584,4
1732806001,0,43584,4
1732809601,0,43584,4
1732813201,0,43584,4
1732816801,0,43584,4
1732820401,0.6,43512,8
1732824001,0,43584,4
1732827601,0,40531,5
1732831201,0,43584,4
1732834801,0,49507,5
1732838401,0,43584,4
1732842001,0,43525,6
1732845601,0,43525,6
1732849201,0,43584,4
1732852801,0,43584,4
1732856401,0,43584,4
1732860001,0,43584,4
1732863601,1.8,43570,44
1732867201,0.6,43512,8
1732870802,0,40531,5
1732878001,0,43584,4
1732881601,0,43584,4
1732885201,0.6,35082,33
1732888801,0,43584,4
1732892401,0,43584,4
1732896001,0,43584,4
1732899601,0,43584,4
1732903202,0,43584,4
1732906801,0,43584,4
1732910401,0,43584,4
1732914002,0.6,41824,9
1732917601,0,43584,4
1732921202,0,49507,5
1732924802,0,43584,4
1732928402,0,43525,6
1732932002,0,43525,6
1732935601,0,43584,4
1732939201,0,43584,4
1732942801,0,43584,4
1732946401,0,43584,4
1732950002,1.8,43570,44
1732957202,0,40531,5
1732960801,0,43584,4
1732964402,0,43584,4
1732968001,0,43584,4
1732971602,0.6,35051,33
1732975202,0,43584,4
1732978801,0,43584,4
1732982402,0,43584,4
1732986002,0,43584,4
1732989601,0,43584,4
1732993202,0,43584,4
1732996801,0,43584,4
1733000401,0,40531,5
1733004001,0,43584,4
1733007602,0,49507,5
1733011201,0,43584,4
1733014801,0,43525,6
1733018401,0,43525,6
1733022001,0,43584,4
1733025601,0,43584,4
1733029202,0,43584,4
1733032802,0,43584,4
1733036401,1.8,43570,44
1733040001,0,43584,4
1733043602,0,40531,5
1733047202,0,43584,4
1733050801,0,43584,4
1733058002,0.6,35020,33
1733061602,0,43584,4
1733065201,0,43584,4
1733068801,0.6,43512,8
1733072402,0,43584,4
1733076001,0,43584,4
1733079601,0,43584,4
1733083202,0,43584,4
1733086801,0,40531,5
1733090401,0,43584,4
1733094001,0,49507,5
1733097601,0,43584,4
1733101201,0,43525,6
1733104801,0,43525,6
1733108401,0,43584,4
1733112002,0,43584,4
1733115601,0,43584,4
1733119201,0,43584,4
1733126401,0,43584,4
1733130001,0,40531,5
1733133602,0,43584,4
1733137201,0.6,43512,8
1733140801,0,43584,4
1733144401,0.6,35002,33
1733148001,0,43584,4
1733151602,0,43584,4
1733155202,0,43584,4
1733158801,0,43584,4
1733162401,0.6,43512,8
1733166001,0,43584,4
1733169601,0,43584,4
1733173201,0,40531,5
1733176802,0,43584,4
1733180401,0,49507,5
1733184001,0,43584,4
1733187601,0,43525,6
1733191202,0,43525,6
1733194802,0,43584,4
1733198401,0,43584,4
1733202001,0,43584,4
1733205602,0,43584,4
1733209202,1.8,43570,44
1733212801,0,43584,4
1733216402,0,40531,5
1733220002,0,43584,4
1733227201,0,43584,4
1733230801,0.6,35019,33
1733234402,0,43584,4
1733238001,0,43584,4
1733241601,0,43584,4
1733245201,0,43584,4
1733248802,0,43584,4
1733252401,0.6,43512,8
1733256001,0,43584,4
1733259601,0,40531,5
1733263201,0,43584,4
1733266801,0.6,46811,9
1733270401,0,43584,4
1733274002,0,43525,6
1733277601,0.6,43491,10
1733281201,0,43584,4
1733284801,0,43584,4
1733288402,0,43584,4
1733292001,0,43584,4
1733295601,2.4,43559,48
1733302801,0,40531,5
1733306401,0,43584,4
1733310002,0,43584,4
1733313601,0,43584,4
1733317201,0.6,35083,33
1733320801,0,43584,4
1733324401,0,43512,8
1733328001,0,43584,4
1733331601,0,43584,4
1733335202,0,43584,4
1733338801,0,43584,4
1733342401,0.6,43512,8
1733346002,0.6,41824,9
1733349602,0,43584,4
1733353202,0,49507,5
1733356801,0,43584,4
1733360401,0,43525,6
1733364001,0,43525,6
1733367602,0,43584,4
1733371202,0,43584,4
1733374801,0,43584,4
1733378401,0,43584,4
1733382002,2.4,43571,44
1733385602,0,43584,4
1733389201,0,40531,5
1733396401,0,43584,4
1733400001,0,43584,4
1733403601,0.6,34872,33
1733407201,0,43584,4
1733410801,0,43584,4
1733414402,0,43584,4
1733418001,0,43584,4
1733421601,0,43584,4
1733425201,0,43584,4
1733428801,0,43584,4
1733432402,0,40531,5
1733436001,0,43584,4
1733439602,0,49507,5
1733443201,0,43584,4
1733446801,0,43525,6
1733450402,0,43525,6
1733454001,0,43584,4
1733457601,0,43584,4
1733461201,0,43584,4
1733464801,0,43584,4
1733468401,1.8,43573,44
1733475601,0,40531,5
1733479201,0,43584,4
1733482801,0,43584,4
1733486401,0,43584,4
1733490001,0.6,35088,33
1733493602,0.6,43512,8
1733497201,0,43584,4
1733500801,0,43584,4
1733504401,0,43584,4
1733508001,0,43584,4
1733511602,0,43584,4
1733515201,0.6,43512,8
1733518801,0.6,41824,9
1733522402,0,43584,4
1733526001,0,49507,5
1733529602,0,43584,4
1733533202,0,43525,6
1733536802,0,43525,6
1733540401,0,43584,4
1733544002,0,43584,4
1733547601,0,43584,4
1733551201,0,43464,6
1733554801,1.8,43559,48
1733558401,0,43584,4
1733562001,0,40531,5
1733565602,0,43584,4
1733572801,0,43584,4
1733576402,1.2,35083,33
1733580001,0,43584,4
1733583601,0.6,43512,8
1733587201,0,43584,4
1733590801,0,43584,4
1733594401,0,43584,4
1733598002,0,43584,4
1733601602,0,43584,4
1733605201,0,40531,5
1733608801,0,43584,4
1733612401,0,49507,5
1733616001,0,43584,4
1733619601,0,43525,6
1733623202,0,43525,6
1733626801,0,43584,4
1733630401,0,43584,4
1733634001,0,43584,4
1733637601,0,43584,4
1733644801,0,43584,4
1733648402,0.6,41824,9
1733652001,0,43584,4
1733655601,0.6,43512,8
1733659201,0,43584,4
1733662801,0.6,35091,33
1733666401,0,43584,4
1733670001,0,43584,4
1733673602,0,43584,4
1733677201,0,43584,4
1733680801,0,43584,4
1733684401,0,43584,4
1733688001,0,43584,4
1733691601,0.6,41824,9
1733695201,0,43584,4
1733698801,0,49507,5
1733702401,0,43584,4
1733706001,0.6,43491,10
1733709601,0,43525,6
1733713201,0,43584,4
1733716801,0,43584,4
1733720401,0,43584,4
1733724001,0,43584,4
1733727601,1.8,43570,44
1733731202,0,43584,4
1733734801,0,40531,5
1733738402,0,43584,4
1733742001,0,43584,4
1733745602,0,43584,4
1733752801,0,43584,4
1733756401,0,43584,4
1733760002,0,43584,4
1733763602,0,43584,4
1733767201,0,43584,4
1733770802,0,43584,4
1733774401,0,43584,4
1733778001,0,40531,5
1733781601,0.6,43512,8
1733785202,0,49507,5
1733788802,0,43584,4
1733792402,0,43525,6
1733796002,0,43525,6
1733799601,0,43584,4
1733803201,0,43584,4
1733806801,0,43584,4
1733810402,0,43584,4
1733814002,1.8,43571,44
1733817601,0,43584,4
1733821201,0,40531,5
1733824801,0,43584,4
1733832001,0,43584,4
1733835601,1.2,35085,33
1733839201,0,43584,4
1733842802,0,43584,4
1733846402,0,43584,4
1733850001,0,43584,4
1733853602,0,43584,4
1733857202,0,43584,4
1733860801,0,43584,4
1733864401,0,40531,5
1733868002,0,43584,4
1733871601,0,49507,5
1733875201,0,43512,8
1733878802,0,43525,6
1733882402,0,43525,6
1733886001,0,43584,4
1733889601,0,43584,4
1733893202,0,43584,4
1733896801,0,43584,4
1733900402,1.8,43569,44
1733904001,0,43584,4
1733907602,0,40531,5
1733911201,0,43584,4
1733914801,0,43584,4
1733922002,0.6,35024,33
1733925601,0,43584,4
1733929202,0,43584,4
1733932802,0,43584,4
1733936402,0,43584,4
1733940001,0,43584,4
1733943602,0,43584,4
1733947201,0,43584,4
1733950802,0,40531,5
1733954402,0,43584,4
1733958001,0,49507,5
1733961601,0,43584,4
1733965201,0,43525,6
1733968801,0,43525,6
1733972401,0,43584,4
1733976002,0,43584,4
1733979602,0,43584,4
1733983201,0,43584,4
1733986802,1.8,43571,44
1733990402,0,43584,4
1733994002,0,40531,5
1734001201,0.6,43512,8
1734004801,0,43584,4
1734008401,0.6,35064,33
1734012001,0,43584,4
1734015601,0,43584,4
1734019202,0,43584,4
1734022801,0,43584,4
1734026402,0,43584,4
1734030001,0,43584,4
1734033602,0,43584,4
1734037202,0,40531,5
1734040801,0,43584,4
1734044401,0,49507,5
1734048002,0,43584,4
1734051602,0,43525,6
1734055202,0,43525,6
1734058801,0,43584,4
1734062401,0,43584,4
1734066001,0.6,43512,8
1734069601,0,43584,4
1734073201,1.8,43571,44
1734076801,0,43584,4
1734080402,0,40531,5
1734087602,0,43584,4
1734091201,0,43584,4
1734094801,0.6,35084,33
1734098402,0,43584,4
1734102002,0,43584,4
1734105601,0,43584,4
1734109202,0,43584,4
1734112802,0,43584,4
1734116402,0,43584,4
1734120001,0,43584,4
1734123601,0,40531,5
1734127202,0,43584,4
1734130801,0,49507,5
1734134401,0,43584,4
1734138001,0,43525,6
1734141601,0,43525,6
1734145201,0,43584,4
1734148802,0,43584,4
1734152402,0,43584,4
1734156001,0,43584,4
1734159601,1.8,43570,44
1734163201,0,43584,4
1734166802,0,40531,5
1734170401,0,43584,4
1734177601,0,43584,4
1734181201,0.6,35053,33
1734184801,0,43584,4
1734188401,0,43584,4
1734192002,0,43584,4
1734195601,0,43584,4
1734199201,0,43584,4
1734202801,0,43584,4
1734206401,0,43584,4
1734210001,0,40531,5
1734213601,0,43584,4
1734217202,0,49507,5
1734220802,0,43584,4
1734224402,0,43525,6
1734228002,0,43525,6
1734231601,0,43584,4
1734235201,0,43584,4
1734238801,0,43584,4
1734242401,0,43584,4
1734246001,1.8,43571,44
1734249602,0.6,43512,8
1734253202,0,40531,5
1734256802,0,43584,4
1734260401,0,43584,4
1734267601,0.6,35085,33
1734271201,0,43584,4
1734274801,0,43584,4
1734278401,0,43584,4
1734282001,0,43584,4
1734285602,0,43584,4
1734289201,0,43584,4
1734292802,0,43584,4
1734296401,0,40531,5
1734300001,0,43584,4
1734303601,0,49507,5
1734307202,0,43584,4
1734310802,0,43525,6
1734314401,0,43525,6
1734318001,0,43584,4
1734321602,0,43584,4
1734325201,0,43584,4
1734328801,0,43584,4
1734332401,1.8,43570,44
1734336001,0,43584,4
1734343202,0,43584,4
1734346801,0,43584,4
1734350402,0,43584,4
1734354001,0.6,35026,33
1734357602,0,43584,4
1734361201,0,43584,4
1734364802,0,43584,4
1734368401,0,43584,4
1734372001,0,43584,4
1734375602,0,43584,4
1734379201,0,43584,4
1734382801,0,40531,5
1734386401,0,43512,8
1734390002,0,49507,5
1734393602,0,43584,4
1734397201,0,43525,6
1734400801,0,43525,6
1734404401,0,43584,4
1734408001,0,43584,4
1734411602,0,43584,4
1734415202,0,43584,4
1734418802,2.4,43571,44
1734422401,0,43584,4
1734429602,0,43584,4
1734433201,0,43584,4
1734436802,0,43584,4
1734440402,0.6,35082,33
1734444001,0,43584,4
1734447601,0,43584,4
1734451201,0,43584,4
1734454801,0,43584,4
1734458402,0,43584,4
1734462002,0,43584,4
1734465602,0,43584,4
1734469202,0,40531,5
1734472801,0,43584,4
1734476401,0,49507,5
1734480001,0,43584,4
1734483601,0,43525,6
1734487201,0,43525,6
1734490801,0,43584,4
1734494402,0,43584,4
1734498001,0,43584,4
1734501601,0,43584,4
1734505201,2.4,43571,44
1734508801,0,43584,4
1734512401,0,40531,5
1734516002,0,43584,4
1734519602,0,43584,4
1734526801,0.6,35022,33
1734530401,0,43584,4
1734534001,0,43584,4
1734537601,0,43584,4
1734541202,0,43584,4
1734544802,0,43584,4
1734548402,0,43584,4
1734552001,0,43584,4
1734555601,0,40531,5
1734559201,0,43512,8
1734562801,0,49507,5
1734566401,0,43584,4
1734570001,0,43525,6
1734573602,0,43525,6
1734577202,0,43584,4
1734580802,0,43584,4
1734584401,0,43584,4
1734588001,0,43584,4
1734591602,1.8,43570,44
1734595202,0,43584,4
1734602402,0,43584,4
1734606002,0,43584,4
1734609601,0,43584,4
1734613202,1.2,34938,33
1734616801,0,43584,4
1734620401,0,43584,4
1734624002,0,43584,4
1734627602,0,43584,4
1734631202,0,43584,4
1734634801,0,43584,4
1734638402,0,43584,4
1734642002,0,40531,5
1734645602,0,43584,4
1734649202,0,49507,5
1734652801,0,43584,4
1734656401,0,43525,6
1734660001,0,43525,6
1734663601,0,43584,4
1734667201,0,43584,4
1734670802,0,43584,4
1734674402,0,43584,4
1734678002,1.8,43570,44
1734681601,0,43584,4
1734685202,0,40531,5
1734692402,0,43584,4
1734696001,0,43584,4
1734699601,0.6,34966,33
1734703201,0,43584,4
1734706801,0,43584,4
1734710401,0,43584,4
1734714002,0,43584,4
1734717602,0,43584,4
1734721201,0,43584,4
1734724802,0,43584,4
1734728401,0,40531,5
1734732001,0,43584,4
1734735602,0,49507,5
1734739201,0,43584,4
1734742802,0,43525,6
1734746401,0,43525,6
1734750001,0,43584,4
1734753601,0,43584,4
1734757201,0,43584,4
1734760802,0,43584,4
1734764402,1.8,43570,44
1734771602,0,40531,5
1734775201,0,43584,4
1734778801,0,43584,4
1734782401,0.6,43512,8
1734786002,0.6,34949,33
1734789601,0,43584,4
1734793201,0,43584,4
1734796801,0,43584,4
1734800402,0,43584,4
1734804001,0,43584,4
1734807602,0,43584,4
1734811201,0,43584,4
1734814801,0,40531,5
1734818401,0,43584,4
1734822001,0,49507,5
1734825601,0,43584,4
1734829201,0,43525,6
1734832801,0,43525,6
1734836401,0,43584,4
1734840001,0,43584,4
1734843602,0,43584,4
1734847201,0,43584,4
1734850801,2.4,43570,44
1734854401,0,43584,4
1734861601,0,43584,4
1734865201,0,43584,4
1734868801,0,43584,4
1734872401,0.6,35021,33
1734876002,0,43584,4
1734879601,0,43584,4
1734883201,0,43584,4
1734886801,0,43584,4
1734890401,0,43584,4
1734894001,0,43584,4
1734897601,0,43584,4
1734901201,0,40531,5
1734904802,0,43584,4
1734908401,0,49507,5
1734912001,0,43584,4
1734915601,0,43525,6
1734919201,0,43525,6
1734922802,0,43584,4
1734926402,0,43584,4
1734930002,0,43584,4
1734933602,0,43584,4
1734937201,1.8,43570,44
1734944401,0,40531,5
1734948002,0,43584,4
1734951602,0.6,43512,8
1734955201,0.6,43512,8
1734958801,0.6,35038,33
1734962402,0,43584,4
1734966002,0,43584,4
1734969601,0,43584,4
1734973201,0,43584,4
1734976802,0,43584,4
1734980401,0,43584,4
1734984001,0,43584,4
1734987601,0.6,41824,9
1734991202,0,43584,4
1734994802,0,49507,5
1734998401,0,43584,4
1735002002,0,43525,6
1735005601,0,43525,6
1735009201,0,43584,4
1735012802,0,43584,4
1735016401,0,43584,4
1735020001,0,43584,4
1735023602,2.4,43560,48
1735027201,0,43584,4
1735030801,0,40531,5
1735034401,0,43584,4
1735038001,0,43584,4
1735045201,1.2,35099,33
1735048801,0,43584,4
1735052401,0,43584,4
1735056002,0,43584,4
1735059601,0,43584,4
1735063202,0,43584,4
1735066801,0,43584,4
1735070401,0,43584,4
1735074001,0,40531,5
1735077602,0,43584,4
1735081201,0,49507,5
1735084802,0,43584,4
1735088401,0,43525,6
1735092001,0,43525,6
1735095601,0,43584,4
1735099202,0,43584,4
1735102801,0,43584,4
1735106402,0,43584,4
1735110001,1.8,43570,44
1735113602,0,43584,4
1735117201,0,40531,5
1735120801,0,43584,4
1735124401,0,43584,4
1735128001,0,43584,4
1735135201,0,43584,4
1735138801,0,43584,4
1735142401,0,43584,4
1735146001,0,43584,4
1735149601,0,43584,4
1735153202,0,43584,4
1735156802,0,43584,4
1735160401,0,40531,5
1735164001,0,43584,4
1735167601,0,49507,5
1735171201,0,43584,4
1735174801,0,43525,6
1735178401,0,43525,6
1735182001,0,43584,4
1735185601,0,43584,4
1735189201,0,43584,4
1735192802,0,43584,4
1735200001,0,43584,4
1735203601,0,40531,5
1735207201,0,43584,4
1735210801,0,43584,4
1735214401,0,43584,4
1735218002,0.6,35082,33
1735221601,0,43584,4
1735225201,0,43584,4
1735228802,0,43584,4
1735232402,0,43584,4
1735236001,0,43584,4
1735239601,0,43584,4
1735243201,0,43584,4
1735246801,0,40531,5
1735250402,0,43584,4
1735254001,0,49507,5
1735257601,0,43584,4
1735261201,0,43525,6
1735264802,0,43525,6
1735268401,0,43584,4
1735272001,0,43584,4
1735275601,0,37586,5
1735279201,0,43584,4
1735282802,1.8,43571,44
1735286401,0,43584,4
1735290002,0,40531,5
1735293601,0,43584,4
1735297202,0,43584,4
1735304402,0.6,34937,33
1735308001,0,43584,4
1735311602,0,43584,4
1735315201,0,43584,4
1735318802,0,43584,4
1735322401,0,43584,4
1735326001,0,43584,4
1735329601,0,43584,4
1735333202,0,40531,5
1735336801,0,43584,4
1735340402,0,49507,5
1735344001,0,43584,4
1735347602,0,43525,6
1735351201,0,43525,6
1735354801,0,43584,4
1735358402,0,43584,4
1735362001,0,43584,4
1735365601,0,43584,4
1735369202,1.8,43570,44
1735376402,0,40531,5
1735380001,0,43584,4
1735383601,0,43584,4
1735387202,0,43584,4
1735390802,0.6,35042,33
1735394401,0,43584,4
1735398001,0,43584,4
1735401602,0,43584,4
1735405201,0,43584,4
1735408801,0,43584,4
1735412402,0,43584,4
1735416002,0,43584,4
1735419601,0,40531,5
1735423201,0,43584,4
1735426801,0,49507,5
1735430401,0,43584,4
1735434001,0,43525,6
1735437602,0,43525,6
1735441201,0,43584,4
1735444801,0,43584,4
1735448402,0,43584,4
1735452001,0,43584,4
1735455601,1.8,43570,44
1735459201,0,43584,4
1735462802,0,40531,5
1735466401,0,43584,4
1735470001,0,43584,4
1735477201,0.6,35070,33
1735480801,0,43584,4
1735484402,0,43584,4
1735488002,0,43584,4
1735491601,0,43584,4
1735495201,0,43584,4
1735498801,0,43584,4
1735502401,0,43584,4
1735506001,0,40531,5
1735509602,0,43584,4
1735513202,0,49507,5
1735516801,0,43584,4
1735520401,0,43525,6
1735524001,0,43525,6
1735527601,0,43584,4
1735531202,0,43584,4
1735534802,0,43584,4
1735538401,0,43584,4
1735542001,1.8,43570,44
1735545602,0,43584,4
1735549202,0,40531,5
1735552801,0,43584,4
1735556401,0,43584,4
1735563601,1.2,35014,33
1735567202,0,43584,4
1735570801,0,43584,4
1735574402,0,43584,4
1735578001,0,43584,4
1735581601,0,43512,8
1735585201,0,43584,4
1735588802,0,43584,4
1735592401,0,40531,5
1735596002,0,43584,4
1735599601,0,49507,5
1735603201,0,43584,4
1735606802,0,43525,6
1735610401,0,43525,6
1735614001,0,43584,4
1735617601,0,43584,4
1735621201,0,43584,4
1735624801,0,43584,4
1735628401,1.8,43569,44
1735632001,0,43584,4
1735635602,0,40531,5
1735639201,0,43584,4
1735646402,0.6,43512,8
1735650001,1.2,35092,33
1735653601,0,43584,4
1735657202,0,43584,4
1735660801,0,43584,4
1735664401,0.6,43512,8
1735668002,0,43584,4
1735671601,0,43584,4
1735675201,0,43584,4
1735678801,0,40531,5
1735682401,0,43584,4
1735686002,0,49507,5
1735689601,0,43584,4
1735693201,0,43525,6
1735696802,0,43525,6
1735700402,0,43584,4
1735704001,0,43584,4
1735707601,0,43584,4
1735711201,0,43584,4
1735714802,1.8,43570,44
1735722001,0,40531,5
1735725601,0,43584,4
1735729202,0,43584,4
1735732802,0,43584,4
1735736401,0.6,35061,33
1735740001,0,43584,4
1735743601,0,43584,4
1735747201,0,43584,4
1735750801,0,43584,4
1735754402,0,43584,4
1735758001,0,43584,4
1735761601,0.6,43512,8
1735765201,0,40531,5
1735768801,0,43584,4
1735772401,0,49507,5
1735776002,0,43584,4
1735779601,0,43525,6
1735783202,0,43525,6
1735786802,0,43584,4
1735790401,0,43584,4
1735794002,0,43584,4
1735797601,0,43584,4
1735801201,1.8,43570,44
1735804802,0,43584,4
1735808401,0,40531,5
1735812001,0,43584,4
1735819202,0,43584,4
1735822801,0.6,34991,33
1735826402,0,43584,4
1735830002,0,43584,4
1735833601,0,43584,4
1735837201,0.6,43512,8
1735840802,0,43584,4
1735844401,0,43584,4
1735848002,0,43584,4
1735851602,0,40531,5
1735855202,0,43584,4
1735858802,0,49507,5
1735862402,0,43584,4
1735866001,0,43525,6
1735869601,0,43525,6
1735873201,0,43584,4
1735876801,0,43584,4
1735880401,0,43584,4
1735884002,0,43584,4
1735887601,1.8,43570,44
1735891201,0,43584,4
1735894801,0,40531,5
1735902002,0.6,43512,8
1735905601,0,43584,4
1735909201,0.6,35081,33
1735912802,0,43584,4
1735916401,0,43584,4
1735920001,0,43584,4
1735923602,0,43584,4
1735927201,0,43584,4
1735930802,0,43584,4
1735934401,0,43584,4
1735938001,0,40531,5
1735941601,0,43584,4
1735945201,0,49507,5
1735948802,0,43584,4
1735952401,0,43525,6
1735956001,0,43525,6
1735959602,0,43584,4
1735963201,0,43584,4
1735966801,0,43584,4
1735970401,0,43584,4
1735974001,1.8,43571,44
1735977601,0,43584,4
1735984801,0,43584,4
1735988401,0,43584,4
1735992001,0,43584,4
1735995601,0.6,35079,33
1735999202,0,43584,4
1736002801,0,43584,4
1736006402,0,43584,4
1736010001,0,43584,4
1736013602,0,43584,4
1736017201,0,43584,4
1736020801,0,43584,4
1736024402,0,40531,5
1736028001,0,43584,4
1736031601,0,49507,5
1736035201,0,43584,4
1736038801,0,43525,6
1736042401,0,43525,6
1736046002,0,43584,4
1736049602,0,43584,4
1736053202,0,43584,4
1736056801,0,43584,4
1736060401,1.8,43570,44
1736064001,0,43584,4
1736067601,0,40531,5
1736074802,0,43584,4
1736078401,0,43584,4
1736082002,0.6,35087,33
1736085601,0,43584,4
1736089201,0,43584,4
1736092801,0,43512,8
1736096401,0,43584,4
1736100001,0,43584,4
1736103601,0,43584,4
1736107201,0,43584,4
1736110801,0,40531,5
1736114402,0,43584,4
1736118001,0,49507,5
1736121601,0,43584,4
1736125201,0,43525,6
1736128801,0,43525,6
1736132401,0,43584,4
1736136001,0,43584,4
1736139602,0,43584,4
1736143201,0,43584,4
1736146801,2.4,43559,48
1736150401,0,43584,4
1736154001,0,40531,5
1736157601,0,43584,4
1736161202,0,43584,4
1736168401,0.6,35051,33
1736172001,0,43584,4
1736175602,0,43584,4
1736179201,0,43584,4
1736182802,0,43584,4
1736186401,0.6,43512,8
1736190001,0,43584,4
1736193601,0,43584,4
1736197202,0,40531,5
1736200802,0,43584,4
1736204402,0,49507,5
1736208002,0,43584,4
1736211601,0,43525,6
1736215201,0,43525,6
1736218801,0,43584,4
1736222401,0,43584,4
1736226001,0,43584,4
1736229601,0,43584,4
1736233201,1.8,43571,44
1736236801,0,43584,4
1736240401,0,40531,5
1736244002,0.6,43512,8
1736251201,0,43584,4
1736254801,0.6,35022,33
1736258401,0,43584,4
1736262001,0,43584,4
1736265601,0,43584,4
1736269201,0,43584,4
1736272802,0,43584,4
1736276401,0,43584,4
1736280001,0,43584,4
1736283601,0,40531,5
1736287201,0,43584,4
1736290801,0,49507,5
1736294402,0,43584,4
1736298002,0,43525,6
1736301602,0,43525,6
1736305201,0,43584,4
1736308801,0.6,43512,8
1736312401,0,43584,4
1736316002,0,43584,4
1736323201,0,43464,6
1736326801,0,40531,5
1736330401,0,43584,4
1736334001,0,43584,4
1736337601,0,43584,4
1736341201,0.6,35036,33
1736344802,0,43584,4
1736348401,0,43584,4
1736352002,0,43584,4
1736355601,0,43584,4
1736359201,0,43584,4
1736362801,0,43584,4
1736366401,0,43584,4
1736370002,0,40531,5
1736373602,0.6,43512,8
1736377201,0,49507,5
1736380802,0,43584,4
1736384401,0,43525,6
1736388002,0,43525,6
1736391602,0,43584,4
1736395201,0,43584,4
1736398802,0,43584,4
1736402401,0,43584,4
1736406001,1.8,43570,44
1736409601,0,43584,4
1736413201,0,40531,5
1736420401,0,43584,4
1736424001,0,43584,4
1736427601,0.6,35000,33
1736431202,0,43584,4
1736434801,0,43584,4
1736438401,0,43584,4
1736442001,0,43584,4
1736445601,0,43584,4
1736449202,0,43584,4
1736452802,0,43584,4
1736456402,0,40531,5
1736460001,0,43584,4
1736463601,0,49507,5
1736467201,0,43584,4
1736470801,0.6,43491,10
1736474401,0,43525,6
1736478001,0,43584,4
1736481602,0,43584,4
1736485201,0,43584,4
1736488802,0,43584,4
1736492401,1.8,43559,48
1736496001,0,43584,4
1736499602,0,40531,5
1736503201,0,43584,4
1736510402,0,43584,4
1736514001,0.6,34934,33
1736517601,0,43584,4
1736521201,0,43584,4
1736524802,0,43584,4
1736528401,0,43584,4
1736532001,0,43584,4
1736535601,0.6,43512,8
1736539201,0,43584,4
1736542802,0,40531,5
1736546401,0,43584,4
1736550002,0,49507,5
1736553602,0,43584,4
1736557202,0,43525,6
1736560801,0.6,43491,10
1736564401,0,43584,4
1736568002,0,43584,4
1736571601,0,43584,4
1736575202,0,43584,4
1736578801,1.8,43570,44
1736582401,0,43584,4
1736589602,0,43584,6
1736593201,0,43584,4
1736596802,0,43584,4
1736600402,0.6,35022,33
1736604001,0,43584,4
1736607602,0,43584,4
1736611201,0,43584,4
1736614801,0,43584,4
1736618401,0,43584,4
1736622001,0,43584,4
1736625601,0,43584,4
1736629201,0,40531,5
1736632801,0,43584,4
1736636401,0,49507,5
1736640001,0,43584,4
1736643601,0,43525,6
1736647202,0,43525,6
1736650801,0,43584,4
1736654401,0,43584,4
1736658001,0,43584,4
1736661601,0,43584,4
1736665201,1.8,43571,44
1736668802,0,43584,4
1736672401,0.6,41824,9
1736676001,0,43584,4
1736679602,0,43584,4
1736686801,1.2,35025,33
1736690401,0.6,43512,8
1736694002,0,43584,4
1736697601,0,43584,4
1736701202,0,43584,4
1736704801,0,43584,4
1736708402,0,43584,4
1736712001,0,43584,4
1736715601,0,40531,5
1736719202,0,43584,4
1736722802,0,49507,5
1736726402,0,43584,4
1736730001,0,43525,6
1736733601,0,43525,6
1736737201,0,43584,4
1736740801,0,43584,4
1736744402,0,43584,4
1736748002,0,43584,4
1736751601,1.8,43570,44
1736758801,0,40531,5
1736762401,0,43584,4
1736766001,0,43584,4
1736769601,0,43584,4
1736773202,0.6,35086,33
1736776802,0,43584,4
1736780401,0,43584,4
1736784002,0,43584,4
1736787601,0,43584,4
1736791202,0,43584,4
1736794801,0,43584,4
1736798401,0,43584,4
1736802001,0,40531,5
1736805602,0,43584,4
1736809201,0,49507,5
1736812801,0,43584,4
1736816401,0,43525,6
1736820001,0,43525,6
1736823601,0,43584,4
1736827202,0,43584,4
1736830801,0.6,43512,8
1736834401,0,43584,4
1736838002,1.8,43570,44
1736845202,0,40531,5
1736848802,0,43584,4
1736852401,0,43584,4
1736856001,0,43584,4
1736859601,1.2,35026,33
1736863202,0,43584,4
1736866801,0,43584,4
1736870402,0,43584,4
1736874001,0,43584,4
1736877601,0,43584,4
1736881201,0,43584,4
1736884801,0,43584,4
1736888401,0.6,41824,9
1736892001,0,43584,4
1736895602,0.6,46811,9
1736899201,0,43584,4
1736902801,0,43525,6
1736906401,0,43525,6
1736910002,0,43584,4
1736913601,0,43584,4
1736917201,0,43584,4
1736920802,0,43584,4
1736924401,1.8,43570,44
1736928002,0,43584,4
1736931602,0,40531,5
1736935201,0,43584,4
1736938801,0,43584,4
1736946001,0.6,35063,33
1736949601,0,43584,4
1736953202,0,43512,8
1736956801,0,43584,4
1736960402,0,43584,4
1736964002,0,43512,8
1736967601,0,43584,4
1736971202,0,43584,4
1736974802,0,40531,5
1736978402,0,43584,4
1736982001,0.6,46811,9
1736985602,0,43584,4
1736989201,0.6,43491,10
1736992801,0,43525,6
1736996401,0,43584,4
1737000001,0,43584,4
1737003602,0,43584,4
1737007201,0,43584,4
1737014401,0,43584,4
1737018002,0,40531,5
1737021601,0,43584,4
1737025202,0,43584,4
1737028801,0,43584,4
1737032401,0.6,35012,33
1737036001,0,43584,4
1737039601,0,43584,4
1737043201,0,43584,4
1737046801,0,43584,4
1737050401,0,43584,4
1737054001,0,43584,4
1737057601,0,43584,4
1737061202,0,40531,5
1737064801,0,43584,4
1737068401,0,49507,5
1737072001,0,43584,4
1737075601,0,43525,6
1737079202,0,43525,6
1737082801,0,43584,4
1737086401,0,43584,4
1737090001,0.6,43512,8
1737093601,0,43584,4
1737097201,1.8,43570,44
1737100802,0,43584,4
1737108001,0,43584,4
1737111601,0,43584,4
1737115201,0,43584,4
1737118801,0.6,35025,33
1737122401,0,43584,4
1737126001,0,43584,4
1737129601,0,43584,4
1737133201,0,43584,4
1737136802,0,43584,4
1737140401,0,43584,4
1737144001,0,43584,4
1737147601,0,40531,5
1737151201,0,43584,4
1737154802,0,49507,5
1737158401,0,43584,4
1737162002,0,43525,6
1737165601,0,43525,6
1737169201,0,43584,4
1737172801,0,43584,4
1737176402,0,43584,4
1737180001,0,43584,4
1737183601,1.8,43570,44
1737187202,0.6,43512,8
1737194401,0,43584,4
1737198001,0,43584,4
1737201602,0,43584,4
1737205202,0.6,35100,33
1737208801,0,43584,4
1737212402,0,43584,4
1737216002,0,43584,4
1737219601,0,43584,4
1737223201,0,43584,4
1737226801,0,43584,4
1737230401,0,43584,4
1737234001,0,40531,5
1737237601,0.6,43512,8
1737241202,0,49507,5
1737244801,0.6,43512,8
1737248402,0,43525,6
1737252001,0,43525,6
1737255601,0,43584,4
1737259201,0,43584,4
1737262802,0,43584,4
1737266401,0,43584,4
1737270001,2.4,43559,48
1737273601,0,43584,4
1737277202,0,40531,5
1737280801,0,43584,4
1737288002,0,43584,4
1737291601,1.2,35040,33
1737295201,0,43584,4
1737298802,0,43584,4
1737302401,0,43584,4
1737306002,0,43584,4
1737309601,0,43584,4
1737313201,0,43584,4
1737316801,0,43584,4
1737320402,0,40531,5
1737324001,0,43584,4
1737327601,0,49507,5
1737331201,0.6,43512,8
1737334801,0,43525,6
1737338401,0,43525,6
1737342001,0.6,43512,8
1737345601,0,43584,4
1737349201,0,43584,4
1737352802,0,43584,4
1737356401,1.8,43570,44
1737360002,0,43584,4
1737363602,0,40531,5
1737367202,0,43584,4
1737370801,0,43584,4
1737374402,0,43584,4
1737381602,0,43584,4
1737385201,0,43584,4
1737388801,0,43584,4
1737392401,0,43584,4
1737396001,0,43584,4
1737399601,0,43584,4
1737403202,0,43584,4
1737406801,0,40531,5
1737410402,0,43584,4
1737414001,0,49507,5
1737417601,0,43584,4
1737421201,0.6,43491,10
1737424801,0,43525,6
1737428401,0,43584,4
1737432001,0,43584,4
1737435601,0,43584,4
1737439201,0,43584,4
1737442802,1.8,43571,44
1737450002,0,40531,5
1737453601,0,43584,4
1737457201,0,43584,4
1737460801,0,43584,4
1737464402,0.6,35102,33
1737468001,0,43584,4
1737471602,0,43584,4
1737475201,0,43584,4
1737478802,0,43584,4
1737482402,0,43584,4
1737486001,0,43584,4
1737489601,0,43584,4
1737493201,0,40531,5
1737496801,0,43584,4
1737500401,0,49507,5
1737504001,0,43584,4
1737507601,0,43525,6
1737511201,0,43525,6
1737514801,0,43584,4
1737518401,0,43584,4
1737522002,0,43584,4
1737525601,0,43584,4
1737529201,1.8,43571,44
1737532801,0,43584,4
1737536401,0,40531,5
1737540001,0,43584,4
1737547202,0,43584,4
1737550801,0.6,35030,33
1737554401,0,43584,4
1737558001,0,43512,8
1737561602,0,43584,4
1737565202,0,43584,4
1737568801,0,43584,4
1737572402,0,43584,4
1737576002,0,43584,4
1737579602,0,40531,5
1737583201,0,43584,4
1737586802,0,49507,5
1737590402,0,43584,4
1737594002,0,43525,6
1737597601,0,43525,6
1737601201,0,43584,4
1737604802,0,43584,4
1737608401,0,43584,4
1737612001,0,43584,4
1737615602,1.8,43571,44
1737619201,0,43584,4
1737622802,0,40531,5
1737630002,0,43584,4
1737633602,0,43584,4
1737637202,0.6,35055,33
1737640801,0,43584,4
1737644401,0,43584,4
1737648002,0,43512,8
1737651601,0,43584,4
1737655201,0,43584,4
1737658802,0,43584,4
1737662401,0,43584,4
1737666002,0,40531,5
1737669601,0,43584,4
1737673202,0,49507,5
1737676801,0,43584,4
1737680401,0,43525,6
1737684001,0,43525,6
1737687601,0,43584,4
1737691201,0,43584,4
1737694801,0,43584,4
1737698401,0,43584,4
1737702001,1.8,43571,44
1737705601,0,43584,4
1737709202,0,40531,5
1737712801,0,43584,4
1737720001,0,43584,4
1737723601,1.2,35042,33
1737727201,0,43584,4
1737730802,0,43584,4
1737734401,0,43584,4
1737738001,0,43584,4
1737741601,0,43584,4
1737745201,0,43584,4
1737748802,0,43584,4
1737752402,0,40531,5
1737756001,0,43584,4
1737759601,0,43584,4
1737763201,0,43584,4
1737766801,0,47765,7
1737770401,0,43525,6
1737774001,0,43584,4
1737777601,0,43584,4
1737781201,0,43584,4
1737784801,0,43584,4
1737788402,1.8,43570,44
1737792002,0,43584,4
1737795601,0,40531,5
1737802801,0,43584,4
1737806401,0,43584,4
1737810001,1.2,35072,33
1737813602,0,43584,4
1737817201,0,43584,4
1737820801,0,43584,4
1737824402,0,43584,4
1737828001,0,43584,4
1737831601,0,43584,4
1737835201,0,43584,4
1737838801,0,40531,5
1737842401,0,43584,4
1737846002,0,49507,5
1737849602,0,43584,4
1737853201,0,43525,6
1737856801,0.6,43491,10
1737860401,0,43584,4
1737864001,0,43584,4
1737867602,0,37586,5
1737871201,0,43584,4
1737874802,1.8,43570,44
1737878401,0,43584,4
1737882002,0,40531,5
1737885602,0,43584,4
1737892801,0,43584,4
1737896402,1.2,35071,33
1737900002,0,43584,4
1737903601,0,43584,4
1737907201,0,43584,4
1737910802,0,43584,4
1737914402,0,43584,4
1737918002,0,43584,4
1737921601,0,43584,4
1737925201,0,40531,5
1737928801,0,43584,4
1737932401,0,49507,5
1737936001,0,43584,4
1737939601,0,43525,6
1737943201,0,43525,6
1737946801,0,43584,4
1737950401,0,43584,4
1737954002,0,43584,4
1737957602,0,43584,4
1737961201,1.8,43571,44
1737964801,0,43584,4
1737968401,0,40531,5
1737972002,0,43584,4
1737975601,0,43584,4
1737979201,0,43584,4
1737986401,0,43584,4
1737990001,0,43584,4
1737993601,0,43584,4
1737997202,0,43584,4
1738000802,0.6,43512,8
1738004401,0,43584,4
1738008001,0,43584,4
1738011601,0,40531,5
1738015201,0,43584,4
1738018801,0,49507,5
1738022401,0,43512,8
1738026002,0,43525,6
1738029602,0,43525,6
1738033201,0,43584,4
1738036802,0,43584,4
1738040401,0,43584,4
1738044002,0,43584,4
1738047602,1.8,43570,44
1738051201,0,43512,8
1738054801,0,40531,5
1738058401,0,43584,4
1738065602,0,43584,4
1738069201,0.6,35046,33
1738072801,0,43584,4
1738076402,0,43584,4
1738080001,0,43584,4
1738083602,0,43584,4
1738087201,0,43584,4
1738090801,0,43584,4
1738094401,0,43584,4
1738098001,0,40531,5
1738101601,0,43584,4
1738105201,0,49507,5
1738108802,0,43584,4
1738112402,0,43525,6
1738116002,0,43525,6
1738119601,0,43584,4
1738123202,0,43584,4
1738126802,0,43584,4
1738130401,0,43584,4
1738134001,1.8,43570,44
1738137601,0,43584,4
1738144801,0,43584,4
1738148401,0,43584,4
1738152002,0,43584,4
1738155601,1.2,35082,33
1738159201,0,43584,4
1738162801,0,43584,4
1738166401,0,43584,4
1738170002,0,43584,4
1738173601,0,43584,4
1738177202,0,43584,4
1738180802,0,43584,4
1738184401,0,40531,5
1738188001,0,43584,4
1738191601,0,49507,5
1738195201,0,43584,4
1738198801,0,43525,6
1738202401,0,43525,6
1738206001,0,43584,4
1738209602,0,43584,4
1738213201,0,43584,4
1738216802,0,43584,4
1738220402,1.8,43570,44
1738224001,0,43584,4
1738227601,0,40531,5
1738231202,0,43584,4
1738234801,0,43584,4
1738242002,0.6,35065,33
1738245602,0,43584,4
1738249201,0,43584,4
1738252802,0.6,43512,8
1738256402,0,43584,4
1738260001,0,43584,4
1738263601,0,43584,4
1738267201,0,43584,4
1738270801,0,40531,5
1738274401,0,43584,4
1738278001,0,49507,5
1738281601,0,43584,4
1738285201,0,43525,6
1738288801,0,43525,6
1738292401,0,43584,4
1738296001,0,43584,4
1738299601,0,43584,4
1738303201,0,43584,4
1738306801,1.8,43571,44
1738310401,0,43584,4
1738314002,0,40531,5
1738321201,0,43584,4
1738324801,0,43584,4
1738328401,0.6,35062,33
1738332002,0,43584,4
1738335601,0,43584,4
1738339202,0,43584,4
1738342801,0,43584,4
1738346402,0,43584,4
1738350002,0,43584,4
1738353601,0,43584,4
1738357201,0,40531,5
1738360801,0,43584,4
1738364401,0,49507,5
1738368001,0,43584,4
1738371602,0,43525,6
1738375202,0,43525,6
1738378802,0,43584,4
1738382401,0,43584,4
1738386002,0,43584,4
1738389602,0,43584,4
1738393201,1.8,43569,44
1738396801,0,43584,4
1738400401,0,40531,5
1738404001,0,43584,4
1738407601,0,43584,4
1738411201,0,43584,4
1738418401,0,43584,4
1738422001,0,43584,4
1738425602,0,43584,4
1738429201,0,43584,4
1738432802,0,43584,4
1738436401,0,43584,4
1738440002,3,52035,51
1738443601,0,40531,5
1738447201,0,43584,4
1738450801,0,49683,6
1738454401,0,45909,6
1738458002,0.6,44530,7
1738461602,0,43525,6
1738465201,0,43584,4
1738468801,0,43584,4
1738472401,0,43584,4
1738476001,0,43584,4
1738483202,0,43584,4
1738486801,0,40531,5
1738490401,0,43584,4
1738494001,0,43584,4
1738497601,0,43584,4
1738501202,1.2,35981,37
1738504801,0,43584,4
1738508401,0,43584,4
1738512002,0,43584,4
1738515601,0,43584,4
1738519201,0,43584,4
1738522802,0,43584,4
1738526401,0,43584,4
1738530001,0,40531,5
1738533601,0,43584,4
1738537201,0,49507,5
1738540801,0,43584,4
1738544401,0,43525,6
1738548001,0,43525,6
1738551601,0,43584,4
1738555202,0,43584,4
1738558802,0,43584,4
1738562401,0,43584,4
1738566001,1.8,43570,44
1738569601,0,43584,4
1738573201,0,40531,5
1738576801,0,43584,4
1738580401,0,43584,4
1738584002,0,43584,4
1738591202,0,43584,4
1738594802,0,43584,4
1738598401,0,43584,4
1738602002,0,43584,4
1738605602,0,43584,4
1738609201,0,43584,4
1738612802,0,43584,4
1738616402,0,40531,5
1738620002,0,43584,4
1738623602,0.6,46811,9
1738627201,0,43584,4
1738630802,0,43525,6
1738634402,0,43525,6
1738638001,0,43584,4
1738641601,0,43584,4
1738645201,0,43584,4
1738648802,0,43584,4
1738652401,1.8,43570,44
1738656001,0,43584,4
1738663201,0,43584,4
1738666802,0,43584,4
1738670401,0,43584,4
1738674001,0.6,35095,33
1738677602,0,43584,4
1738681202,0,43584,4
1738684801,0,43584,4
1738688401,0,43584,4
1738692001,0,43584,4
1738695601,0,43584,4
1738699202,0,43584,4
1738702801,0,40531,5
1738706401,0,43584,4
1738710001,0,49507,5
1738713601,0,43584,4
1738717202,0,43525,6
1738720801,0,43525,6
1738724401,0,43584,4
1738728001,7.2,52256,84
1738731602,57.6,52259,85
1738735201,0,44982,5
1738738802,1.8,43573,44
1738742402,0,43584,4
1738746001,1.2,47494,16
1738749601,0,43584,4
1738753202,0,43584,4
1738760402,1.2,35084,33
1738764001,0,43584,4
1738767601,0,43584,4
1738771202,0,43584,4
1738774802,5.4,51567,71
1738778401,0,43584,4
1738782001,0,43584,4
1738785601,0,43584,4
1738789201,0,40531,5
1738792801,0,43584,4
1738796402,0,49507,5
1738800002,0,43584,4
1738803601,0,43525,6
1738807201,0,43525,6
1738810801,0,43584,4
1738814401,0,43584,4
1738818001,0,43584,4
1738821602,0,43584,4
1738825202,1.8,43571,44
1738828801,0,43584,4
1738832401,0,40531,5
1738836002,0,43584,4
1738839602,0,43584,4
1738846801,1.2,35090,33
1738850401,0,43584,4
1738854001,0,43584,4
1738857602,0,43584,4
1738861202,0,43584,4
1738864802,0,43584,4
1738868401,0,43584,4
1738872001,0,43584,4
1738875601,0,40531,5
1738879202,0.6,43512,8
1738882801,0,49507,5
1738886402,0,43584,4
1738890001,0,43525,6
1738893602,0,43525,6
1738897201,0,43584,4
1738900802,0,43584,4
1738904401,0,43584,4
1738908001,0,43584,4
1738911601,1.8,43571,44
1738915201,0,43584,4
1738922401,0,43584,4
1738926002,0.6,43512,8
1738929602,0,43584,4
1738933201,0.6,35074,33
1738936801,0,43584,4
1738940401,0,43584,4
1738944001,0,43584,4
1738947601,0,43584,4
1738951202,0,43584,4
1738954801,0,43584,4
1738958402,0,43584,4
1738962002,0,40531,5
1738965602,0,43584,4
1738969201,0,49507,5
1738972801,0,43584,4
1738976401,0,43525,6
1738980001,0,43525,6
1738983601,0,43584,4
1738987201,0,43584,4
1738990801,0,43584,4
1738994401,0,43584,4
1738998002,1.8,43571,44
1739005201,0,40531,5
1739008802,0,43584,4
1739012401,0,43584,4
1739016001,0,43584,4
1739019601,1.2,35074,33
1739023201,0,43584,4
1739026801,0,43584,4
1739030401,0,43584,4
1739034001,0,43584,4
1739037602,0,43584,4
1739041201,0,43584,4
1739044801,0,43584,4
1739048401,0,40531,5
1739052001,0,43584,4
1739055601,0,49507,5
1739059202,0,43584,4
1739062801,0,43525,6
1739066402,0,43525,6
1739070002,0,43584,4
1739073601,0,43584,4
1739077201,0,43584,4
1739080801,0,43584,4
1739084401,1.8,43571,44
1739091601,0,40531,5
1739095201,0,43584,4
1739098801,0,43584,4
1739102401,0,43584,4
1739106001,0.6,35058,33
1739109601,0,43584,4
1739113201,0,43584,4
1739116801,0,43584,4
1739120402,0,43584,4
1739124001,0,43584,4
1739127601,0,43584,4
1739131201,0,43584,4
1739134801,0,40531,5
1739138401,0,43584,4
1739142001,0,49507,5
1739145602,0,43584,4
1739149202,0,43525,6
1739152801,0,43525,6
1739156401,0,43584,4
1739160001,0,43584,4
1739163601,0,43584,4
1739167201,0,43584,4
1739170801,1.8,43571,44
1739174401,0,43584,4
1739178001,0,40531,5
1739181601,0,43584,4
1739185201,0,43584,4
1739188802,0,43584,4
1739196001,0,43584,4
1739199601,0,43584,4
1739203201,0,43584,4
1739206801,0,43584,4
1739210401,0.6,43512,8
1739214002,0,43584,4
1739217601,0,43584,4
1739221201,0,40531,5
1739224801,0,43584,4
1739228401,0,49507,5
1739232002,0,43584,4
1739235602,0,43525,6
1739239201,0,43525,6
1739242802,0,43584,4
1739246401,0,43584,4
1739250002,0.6,43512,8
1739253602,0,43584,4
1739257201,1.8,43571,44
1739260802,0,43584,4
1739268002,0,43584,4
1739271601,0,43584,4
1739275201,0,43584,4
1739278801,0.6,35019,33
1739282402,0,43584,4
1739286002,0,43584,4
1739289601,0,43584,4
1739293201,0,43584,4
1739296801,0,43584,4
1739300402,0,43584,4
1739304001,0,43584,4
1739307602,0,40531,5
1739311202,0,43584,4
1739314801,0,49507,5
1739318402,0.6,43512,8
1739322001,0,43525,6
1739325601,0,43525,6
1739329201,0,43584,4
1739332801,0,43584,4
1739336402,0,43584,4
1739340002,0,43584,4
1739343601,1.8,43570,44
1739347201,0,43584,4
1739350801,0,40531,5
1739354402,0,43584,4
1739358001,0,43584,4
1739361601,0,43584,4
1739368801,0,43584,4
1739372402,0,43584,4
1739376001,0,43584,4
1739379602,0,43584,4
1739383202,0,43584,4
1739386802,0,43584,4
1739390401,0,43584,4
1739394002,0,40531,5
1739397601,0,43584,4
1739401201,0,49507,5
1739404801,0,43584,4
1739408402,0,43525,6
1739412001,0,43525,6
1739415601,0,43584,4
1739419201,0,43584,4
1739422801,0,43584,4
1739426401,0,43584,4
1739430001,1.8,43571,44
1739433601,0,43584,4
1739437201,0,40531,5
1739440802,0,43584,4
1739444401,0,43584,4
1739451601,0.6,35098,33
1739455202,0,43584,4
1739458801,0,43584,4
1739462401,0,43584,4
1739466001,0,43584,4
1739469601,0,43584,4
1739473201,0,43584,4
1739476801,0,43584,4
1739480401,0,40531,5
1739484002,0,43584,4
1739487601,0,49507,5
1739491201,0,43584,4
1739494802,0,43525,6
1739498401,0,43525,6
1739502001,0,43584,4
1739505602,0,43584,4
1739509201,0,43584,4
1739512802,0,43584,4
1739516401,1.8,43571,44
1739520001,0,43584,4
1739523601,0,40531,5
1739527201,0,43584,4
1739530802,0,43584,4
1739538001,0.6,35089,33
1739541601,0,43584,4
1739545202,0,43584,4
1739548802,0,43584,4
1739552401,0,43584,4
1739556001,0,43584,4
1739559601,0,43584,4
1739563201,0,43584,4
1739566801,0,40531,5
1739570401,0,43584,4
1739574002,0,49507,5
1739577601,0,43584,4
1739581202,0,43525,6
1739584802,0,43525,6
1739588401,0,43584,4
1739592001,0,43584,4
1739595601,0,43584,4
1739599201,0,43584,4
1739602801,1.8,43570,44
1739606401,0,43584,4
1739613601,0,43584,4
1739617202,0,43584,4
1739620801,0,43584,4
1739624401,0.6,35075,33
1739628001,0,43584,4
1739631601,0,43584,4
1739635201,0,43584,4
1739638801,0,43584,4
1739642402,0,43584,4
1739646001,0,43584,4
1739649602,0,43584,4
1739653201,0,40531,5
1739656801,0,43584,4
1739660402,0,49507,5
1739664001,0,43584,4
1739667601,0,43525,6
1739671201,0,43525,6
1739674802,0,43584,4
1739678402,0,43584,4
1739682001,0,43584,4
1739685601,0,43584,4
1739689201,1.8,43571,44
1739692802,0,43584,4
1739696401,0,40531,5
1739700001,0,43584,4
1739703601,0,43584,4
1739710802,0.6,35087,33
1739714401,0,43584,4
1739718001,0,43584,4
1739721601,0,43584,4
1739725201,0,43584,4
1739728801,0,43584,4
1739732401,0,43584,4
1739736001,0,43584,4
1739739602,0,40531,5
1739743202,0,43584,4
1739746801,0,49507,5
1739750401,0,43584,4
1739754002,0,43525,6
1739757601,0,43525,6
1739761202,0,43584,4
1739764801,0,43584,4
1739768401,0,43584,4
1739772002,0,43584,4
1739775602,1.8,43571,44
1739779201,0,43584,4
1739782801,0,40531,5
1739790001,0,43584,4
1739793601,0,43584,4
1739797201,1.2,35057,33
1739800801,0,43584,4
1739804402,0,43584,4
1739808001,0,43584,4
1739811601,0,43464,6
1739815202,0,43584,4
1739818802,0,43584,4
1739822401,0,43584,4
1739826001,0,40531,5
1739829601,0,43584,4
1739833201,0,49507,5
1739836801,0,43584,4
1739840401,0,43525,6
1739844001,0,43525,6
1739847602,0,43584,4
1739851201,0,43584,4
1739854801,0,43584,4
1739858402,0,43584,4
1739862001,1.8,43571,44
1739865601,0,43584,4
1739869201,0,40531,5
1739872801,0,43584,4
1739876401,0,43584,4
1739880001,0,43584,4
1739887201,0,43584,4
1739890802,0,43584,4
1739894401,0,43584,4
1739898001,0,43584,4
1739901601,0,43584,4
1739905202,0,43584,4
1739908801,0,43584,4
1739912401,0,40531,5
1739916001,0,43584,4
1739919602,0,49507,5
1739923201,0,43584,4
1739926802,0,43525,6
1739930402,0,43525,6
1739934001,0,43584,4
1739937601,0,43584,4
1739941201,0,43584,4
1739944801,0,43584,4
1739948402,1.8,43571,44
1739955601,0,40531,5
1739959201,0,43584,4
1739962801,0,43584,4
1739966401,0,43584,4
1739970001,0.6,35047,33
1739973601,0,43584,4
1739977201,0,43584,4
1739980802,0,43584,4
1739984401,0,43584,4
1739988001,0,43584,4
1739991601,0,43584,4
1739995201,0,43584,4
1739998801,0,40531,5
1740002401,0,43584,4
1740006001,0,49507,5
1740009601,0,43584,4
1740013202,0,43525,6
1740016801,0,43525,6
1740020401,0,43584,4
1740024001,0,43584,4
1740027601,0,43584,4
1740031202,0,43584,4
1740034801,2.4,43571,44
1740042001,0,40531,5
1740045601,0,43584,4
1740049201,0,43584,4
1740052801,0,43584,4
1740056401,0.6,35050,33
1740060001,0,43584,4
1740063601,0,43584,4
1740067201,0,43584,4
1740070801,0,43584,4
1740074401,0,43584,4
1740078001,0,43584,4
1740081601,0,43584,4
1740085201,18,52394,166
1740088801,2.4,51835,33
1740092402,0,49507,5
1740096001,0,43584,4
1740099601,0,43533,6
1740103201,0,43533,6
1740106802,0,43584,4
1740110401,0,43584,4
1740114001,0,43584,4
1740117601,0,43584,4
1740121201,1.8,43571,44
1740124802,0,43584,4
1740128402,0,40531,5
1740132001,0,43584,4
1740135602,0,43584,4
1740142801,0.6,34962,45
1740146402,0,43584,4
1740150001,0,43584,4
1740153601,0,43584,4
1740157201,0,43584,4
1740160801,0,43584,4
1740164401,0,43584,4
1740168001,0,43584,4
1740171601,0,40531,5
1740175201,0,43584,4
1740178802,0,49507,5
1740182401,0,43584,4
1740186001,0,43533,6
1740189601,0,43533,6
1740193202,0,43584,4
1740196801,0,43584,4
1740200401,0,43584,4
1740204001,0,43584,4
1740207602,1.8,43571,44
1740211201,0,43584,4
1740214802,0,40531,5
1740222001,0,43584,4
1740225601,0,43584,4
1740229201,1.2,35093,33
1740232801,0,43584,4
1740236402,0,43584,4
1740240001,0,43584,4
1740243602,0,43584,4
1740247201,0,43584,4
1740250801,0,43584,4
1740254402,0,43584,4
1740258001,0,40531,5
1740261602,0,43584,4
1740265202,0,49507,5
1740268801,0,43584,4
1740272402,0,43533,6
1740276001,0,43533,6
1740279601,0,43584,4
1740283202,0,43584,4
1740286802,0,43584,4
1740290402,0,43584,4
1740294002,1.8,43571,44
1740297602,0,43584,4
1740301201,0,40531,5
1740304801,0,43584,4
1740312002,0,71648,7
1740315601,0.6,35064,33
1740319201,0,43584,4
1740322802,0,71630,7
1740326401,0,43584,4
1740330002,0,43584,4
1740333601,0,43584,4
1740337201,0,43584,4
1740340801,0,43584,4
1740344401,0,40531,5
1740348001,0,43584,4
1740351601,0,49507,5
1740355202,0,43584,4
1740358802,0.6,43533,6
1740362402,0,43533,6
1740366001,0,43584,4
1740369601,0,43584,4
1740373201,0,43584,4
1740376801,0,43584,4
1740380402,1.8,43571,44
1740384001,0,43584,4
1740387601,0,40531,5
1740394801,0,43584,4
1740398402,0,43584,4
1740402002,0.6,35062,33
1740405601,0,43584,4
1740409201,0,43584,4
1740412801,0,43584,4
1740416402,0,43584,4
1740420001,0,43584,4
1740423601,0,43584,4
1740427201,0,43584,4
1740430801,0,40531,5
1740434401,0.6,43518,8
1740438002,0,49507,5
1740441601,0,71648,7
1740445201,0,43533,6
1740448801,0,43533,6
1740452402,0,43584,4
1740456001,0,43584,4
1740459601,0,43584,4
1740463201,0,43584,4
1740466802,2.4,43571,44
1740470401,0,43584,4
1740474001,0,40531,5
1740477602,0,43584,4
1740481201,0.6,43518,8
1740488402,0.6,41229,36
1740492002,0,65387,9
1740495602,0,43584,4
1740499201,0,43584,4
1740502801,0,43584,4
1740506401,0,43584,4
1740510001,0,43584,4
1740513601,0,43584,4
1740517202,0,40531,5
1740520801,0.6,43518,8
1740524401,0,49507,5
1740528001,0,43584,4
1740531602,0,43533,6
1740535202,0,43533,6
1740538802,0,43584,4
1740542401,0,43584,4
1740546001,0,43584,4
1740549601,0,43584,4
1740556801,0,43584,4
1740560401,0,40531,5
1740564001,0,43584,4
1740567601,0,43584,4
1740571202,0,43584,4
1740574802,0.6,35048,33
1740578401,0,43584,4
1740582002,0,43584,4
1740585601,0,43584,4
1740589202,0,43584,4
1740592802,0,43584,4
1740596402,0,43584,4
1740600001,0,43584,4
1740603601,0.6,41829,9
1740607201,0,43584,4
1740610801,0,49507,5
1740614401,0,43584,4
1740618001,0.6,65122,9
1740621602,0,43533,6
1740625201,0,43584,4
1740628801,0,43584,4
1740632401,0,43584,4
1740636001,0,43584,4
1740639601,1.8,43571,44
1740643201,0,43584,4
1740646802,0,65960,8
1740650401,0,43584,4
1740657602,0,43584,4
1740661201,1.2,34982,33
1740664802,0,43584,4
1740668401,0,43584,4
1740672001,0,43584,4
1740675601,0,43584,4
1740679201,0,71337,7
1740682801,0.6,43518,8
1740686401,0,43584,4
1740690001,0,40531,5
1740693602,0,43584,4
1740697202,0,49507,5
1740700801,0,43584,4
1740704401,0,43533,6
1740708002,0,43533,6
1740711602,0,43584,4
1740715201,0,43584,4
1740718801,0,43584,4
1740722402,0,43584,4
1740726001,1.8,43571,44
1740729601,0,43584,4
1740733201,0,40531,5
1740736801,0,43584,4
1740744002,0,43584,4
1740747601,0.6,35095,33
1740751202,0,43584,4
1740754801,0,43584,4
1740758401,0,43584,4
1740762001,0,43584,4
1740765601,0,43584,4
1740769202,0,43584,4
1740772801,0,71026,7
1740776401,0,40531,5
1740780001,0,43584,4
1740783601,0,49507,5
1740787201,0,43584,4
1740790801,0,43533,6
1740794401,0,43533,6
1740798002,0,43584,4
1740801602,0,43584,4
1740805201,0,43584,4
1740808802,0,43584,4
1740812402,1.8,43570,44
1740816001,0,43584,4
1740819602,0,40531,5
1740823201,0,43584,4
1740826801,0,43584,4
1740834001,0.6,35038,33
1740837601,0,43584,4
1740841202,0,43584,4
1740844802,0,43584,4
1740848401,0,43584,4
1740852001,0,43584,4
1740855602,0,43584,4
1740859201,0,71045,7
1740862802,0,40531,5
1740866401,0,43584,4
1740870002,0,49507,5
1740873602,0,43584,4
1740877201,0,43533,6
1740880802,0.6,64908,9
1740884401,0,43584,4
1740888002,0,43584,4
1740891601,0,43584,4
1740895202,0,43584,4
1740898801,1.8,43571,44
1740906002,0,40531,5
1740909602,0,43584,4
1740913201,0,43584,4
1740916802,0,43584,4
1740920401,0.6,35023,33
1740924001,0,43584,4
1740927601,0,43584,4
1740931201,0,43584,4
1740934801,0,43464,6
1740938402,0,43584,4
1740942001,0,43584,4
1740945601,0,43584,4
1740949202,0,40531,5
1740952801,0,43584,4
1740956402,0,49507,5
1740960002,0,43584,4
1740963601,0.6,64908,9
1740967201,0,43533,6
1740970801,0,43584,4
1740974401,0,43584,4
1740978001,0,43584,4
1740981601,0,43584,4
1740988801,0,43584,4
1740992401,0,40531,5
1740996001,0,43584,4
1740999602,0,43584,4
1741003201,0,43584,4
1741006802,0.6,35012,33
1741010401,0,43584,4
1741014001,0,43584,4
1741017601,0,43584,4
1741021201,0,71008,7
1741024801,0,43584,4
1741028401,0,43584,4
1741032001,0,43584,4
1741035602,0,40531,5
1741039202,0,43584,4
1741042801,0,49507,5
1741046402,0,43584,4
1741050002,0,43533,6
1741053602,0.6,43501,10
1741057201,0,43584,4
1741060801,0,43584,4
1741064402,0,43584,4
1741068001,0,43584,4
1741071602,1.8,43570,44
1741075201,0,43584,4
1741082401,0,43584,4
1741086001,0,43584,4
1741089602,0,43584,4
1741093202,0.6,35078,33
1741096801,0,43584,4
1741100402,0,43584,4
1741104001,0,43584,4
1741107601,0,43518,8
1741111202,0,43584,4
1741114801,0,43464,6
1741118402,0,43584,4
1741122002,0,40531,5
1741125601,0,43584,4
1741129201,0,49507,5
1741132802,0,43584,4
1741136401,0,64894,9
1741140001,0,43533,6
1741143602,0,43584,4
1741147201,0,43584,4
1741150801,0,43584,4
1741154401,0,43584,4
1741158001,1.8,43571,44
1741161601,0,43584,4
1741165202,0,40531,5
1741168802,0,43584,4
1741172401,0,43584,4
1741179601,0.6,35023,33
1741183201,0,43584,4
1741186801,0,43584,4
1741190401,0,43584,4
1741194002,0,43584,4
1741197602,0,43584,4
1741201202,0,43584,4
1741204801,0,43584,4
1741208401,0,40531,5
1741212002,0,43584,4
1741215601,0,49507,5
1741219201,0,43584,4
1741222802,0,43533,6
1741226401,0,43533,6
1741230001,0,43584,4
1741233601,0,43584,4
1741237201,0,43584,4
1741240801,0,43584,4
1741244401,2.4,43571,44
1741248001,0,43584,4
1741251601,0,40531,5
1741255202,0,43584,4
1741262401,0,43584,4
1741266001,0.6,35064,33
1741269601,0,43584,4
1741273202,0,43584,4
1741276802,0,43584,4
1741280402,0,43584,4
1741284002,0,43584,4
1741287601,0.6,43518,8
1741291202,0,43584,4
1741294802,0,40531,5
1741298401,0,43584,4
1741302002,0,49507,5
1741305601,0,71026,7
1741309201,0,43533,6
1741312801,0,43533,6
1741316401,0,43584,4
1741320001,0,43584,4
1741323601,0,43584,4
1741327202,0,43584,4
1741330802,1.8,43570,44
1741338002,0,40531,5
1741341601,0,43584,4
1741345202,0,43584,4
1741348802,0,43584,4
1741352401,1.2,35107,33
1741356001,0,43584,4
1741359602,0,43584,4
1741363202,0,43584,4
1741366801,0,43584,4
1741370401,0.6,82054,10
1741374002,0,43584,4
1741377601,0,43584,4
1741381201,0,40531,5
1741384801,0,43584,4
1741388402,0,49507,5
1741392002,0,43584,4
1741395601,0,43533,6
1741399202,0.6,43501,10
1741402801,0,71063,7
1741406402,0,43584,4
1741410001,0,43584,4
1741413601,0,43584,4
1741417201,1.8,43570,44
1741420801,0,43584,4
1741424401,0,40531,5
1741428001,0,43584,4
1741435202,0,43584,4
1741438801,0.6,35046,33
1741442402,0,43584,4
1741446001,0,43584,4
1741449601,0,43525,6
1741453201,0,43584,4
1741456801,0,43584,4
1741460402,0.6,43518,8
1741464002,0,43584,4
1741467601,0,40531,5
1741471202,0,43584,4
1741474802,0,49507,5
1741478401,0,43584,4
1741482002,0,43533,6
1741485601,0,43533,6
1741489201,0,43584,4
1741492801,0,43584,4
1741496402,0,43584,4
1741500001,0,43584,4
1741503601,1.8,43570,44
1741507201,0,43584,4
1741510801,0,40531,5
1741514402,0.6,43518,8
1741521601,0,43584,4
1741525201,0.6,35039,33
1741528801,0,43584,4
1741532401,0,43584,4
1741536001,0,43584,4
1741539602,0,43584,4
1741543201,0,71099,7
1741546801,0,43584,4
1741550402,0,43584,4
1741554001,0,40531,5
1741557601,0,67662,8
1741561202,0,49507,5
1741564801,0,43584,4
1741568401,0,43533,6
1741572002,0.6,43501,10
1741575601,0,43584,4
1741579201,0,43584,4
1741582802,0,43584,4
1741586401,0,43584,4
1741593602,0,43584,4
1741597201,0,40531,5
1741600801,0,43584,4
1741604401,0,43584,4
1741608001,0,43584,4
1741611602,0.6,35015,33
1741615202,0,43584,4
1741618801,0,43584,4
1741622401,0,43584,4
1741626001,0,43584,4
1741629601,0,71099,7
1741633201,0,43584,4
1741636801,0,43584,4
1741640401,0,40531,5
1741644002,0,43584,4
1741647601,0,49507,5
1741651201,0,43584,4
1741654801,0,43533,6
1741658401,0,43533,6
1741662001,0,43584,4
1741665601,0,43584,4
1741669201,0.6,43518,8
1741672802,0,43584,4
1741676401,1.8,43570,44
1741680001,0,43584,4
1741683601,0,40531,5
1741687201,0,43584,4
1741690801,0,43584,4
1741698001,0.6,35066,33
1741701602,0.6,43518,8
1741705201,0,43584,4
1741708801,0,71118,7
1741712401,0,43584,4
1741716002,0,43584,4
1741719602,0,43584,4
1741723202,0,43584,4
1741726801,0,40531,5
1741730402,0,43584,4
1741734001,0,49507,5
1741737602,0,43584,4
1741741201,0,43533,6
1741744802,0,43533,6
1741748401,0,71136,7
1741752001,0,43584,4
1741755602,0,71136,7
1741759202,0,43584,4
1741762801,1.8,43570,44
1741766401,0,43584,4
1741770002,0,40531,5
1741773601,0,71136,7
1741780801,0,43584,4
1741784401,0.6,35008,33
1741788001,0,43584,4
1741791601,0,43584,4
1741795201,0,43584,4
1741798802,0,43584,4
1741802401,0,43584,4
1741806002,0,43584,4
1741809602,0,43584,4
1741813201,0,40531,5
1741816802,0,43584,4
1741820401,0,49507,5
1741824001,0,43584,4
1741827602,0,64994,9
1741831201,0,43533,6
1741834802,0,43584,4
1741838401,0,71154,7
1741842001,0.6,43518,8
1741845601,0,43584,4
1741849202,1.8,43570,44
1741856402,0,40531,5
1741860001,0,43584,4
1741863601,0,43584,4
1741867202,0,43584,4
1741870801,0.6,35066,33
1741874401,0,43584,4
1741878001,0,43584,4
1741881602,0,43584,4
1741885201,0,43584,4
1741888801,0,43584,4
1741892401,0,43584,4
1741896001,0,43584,4
1741899601,0,40531,5
1741903202,0,71173,7
1741906802,0,49507,5
1741910401,0,43584,4
1741914001,0,43533,6
1741917601,0,43533,6
1741921201,0,43584,4
1741924801,0,43584,4
1741928402,0,43584,4
1741932002,0,43584,4
1741935601,1.8,43570,44
1741939201,0,43584,4
1741946402,0,43584,4
1741950002,0,43584,4
1741953601,0,43584,4
1741957202,0.6,35026,33
1741960801,0,43584,4
1741964401,0,43584,4
1741968002,0,43584,4
1741971601,0,43584,4
1741975202,0,43584,4
1741978802,0.6,43518,8
1741982402,0,43584,4
1741986002,0,40531,5
1741989601,0,43584,4
1741993201,0,49507,5
1741996801,0,43584,4
1742000402,0,43533,6
1742004002,0,43533,6
1742007601,0,43584,4
1742011201,0,43584,4
1742014801,0,43584,4
1742018402,0,43584,4
1742022001,1.8,43571,44
1742025601,0.6,43518,8
1742032802,0,43584,4
1742036401,0,43584,4
1742040002,0,43584,4
1742043601,0.6,35067,33
1742047202,0,43584,4
1742050802,0,43584,4
1742054402,0,71191,7
1742058001,0,71191,7
1742061601,0,43584,4
1742065202,0,43584,4
1742068801,0,43584,4
1742072401,0,40531,5
1742076001,0,43584,4
1742079602,0,49507,5
1742083201,0,43584,4
1742086801,0,43533,6
1742090401,0,43533,6
1742094002,0,43584,4
1742097601,0,43584,4
1742101201,0,43584,4
1742104801,0,43584,4
1742108401,1.8,43570,44
1742112001,0,43584,4
1742115602,0,40531,5
1742119202,0,43584,4
1742122801,0,43584,4
1742130001,0.6,35096,33
1742133601,0,71191,7
1742137201,0,43584,4
1742140802,0,43584,4
1742144401,0,43584,4
1742148002,0,43584,4
1742151602,0,43584,4
1742155201,0,43584,4
1742158801,0,40531,5
1742162401,0,43584,4
1742166002,0,49507,5
1742169601,0,43584,4
1742173202,0,43533,6
1742176802,0,43533,6
1742180401,0,43584,4
1742184002,0,43584,4
1742187601,0,43584,4
1742191201,0,43584,4
1742194802,1.8,43569,44
1742198401,0,43584,4
1742202001,0,40531,5
1742205601,0.6,43518,8
1742209201,0,43584,4
1742212801,0,43584,4
1742220002,0,43584,4
1742223602,0,43584,4
1742227201,0,43518,8
1742230801,0,43584,4
1742234402,0,43584,4
1742238001,0,43584,4
1742241601,0,43584,4
1742245201,0,40531,5
1742248802,0,43584,4
1742252401,0,49507,5
1742256001,0,43584,4
1742259601,0,43533,6
1742263202,0,43533,6
1742266801,0,43584,4
1742270401,0,43584,4
1742274001,0,43584,4
1742277601,0,43584,4
1742281201,1.8,43570,44
1742284801,0,43584,4
1742292002,0,43584,4
1742295601,0,43584,4
1742299202,0,43584,4
1742302802,0.6,35028,33
1742306402,0,43584,4
1742310002,0,43584,4
1742313601,0,43584,4
1742317201,0,43584,4
1742320801,0,43584,4
1742324401,0,43584,4
1742328001,0,43584,4
1742331601,0,40531,5
1742335201,0,43584,4
1742338802,0,49507,5
1742342401,0,43584,4
1742346001,0,43533,6
1742349601,0,43533,6
1742353202,0,43518,8
1742356802,0,43584,4
1742360402,0,43584,4
1742364001,0,43584,4
1742367602,1.8,43570,44
1742371201,0,43584,4
1742374801,0,40531,5
1742378401,0,43584,4
1742385602,0,43584,4
1742389201,1.2,34827,33
1742392801,0,43525,6
1742396401,0,43584,4
1742400002,0,43584,4
1742403601,0,43584,4
1742407201,0,43584,4
1742410801,0,43584,4
1742414402,0,43584,4
1742418002,0.6,41829,9
1742421601,0,43584,4
1742425201,0,49507,5
1742428802,0,43584,4
1742432401,0,43533,6
1742436001,0,43533,6
1742439601,0,43584,4
1742443201,0,43584,4
1742446801,0.6,43518,8
1742450402,0,71246,7
1742457602,0,43584,4
1742461201,0,40531,5
1742464801,0,43584,4
1742468402,0,43584,4
1742472002,0,43584,4
1742475602,0.6,35005,33
1742479201,0,43584,4
1742482802,0,43584,4
1742486402,0,43584,4
1742490002,0,43584,4
1742493602,0,43584,4
1742497201,0,43584,4
1742500801,0,43584,4
1742504401,0,40531,5
1742508001,0,43584,4
1742511601,0,71506,8
1742515201,0,43584,4
1742518801,0,43533,6
1742522401,0,65079,9
1742526001,0,43584,4
1742529601,0,43584,4
1742533201,0,43584,4
1742536802,0,43584,4
1742540401,1.8,43570,44
1742547601,0,40531,5
1742551201,0,43584,4
1742554802,0,43584,4
1742558401,0,43584,4
1742562001,1.2,41156,36
1742565601,0,43584,4
1742569201,0,43584,4
1742572801,0,43584,4
1742576401,0.6,62906,10
1742580001,0,43587,5
1742583601,0,43584,4
1742587202,0.6,43518,8
1742590801,0,40531,5
1742594402,0,43518,8
1742598002,0,49507,5
1742601601,0,43584,4
1742605202,0,43533,6
1742608801,0,43533,6
1742612401,0,43584,4
1742616001,0,43584,4
1742619601,0,43584,4
1742623202,0,43584,4
1742626802,1.8,43571,44
1742630401,0,43584,4
1742637602,0,43584,4
1742641201,0,43584,4
1742644801,0,71282,7
1742648402,1.2,35025,33
1742652002,0,43584,4
1742655602,0,43584,4
1742659202,0,43584,4
1742662801,0,43584,4
1742666402,0,43584,4
1742670001,0,43584,4
1742673601,0.6,43518,8
1742677201,0,40531,5
1742680801,0,43584,4
1742684401,0,49507,5
1742688001,0,43584,4
1742691601,0,43533,6
1742695201,0,43533,6
1742698801,0.6,43518,8
1742702401,0,71995,7
1742706002,0,37586,5
1742709602,0,43584,4
1742713202,1.8,43570,44
1742716802,0,43584,4
1742720401,0,40531,5
1742724001,0,43584,4
1742727602,0,43584,4
1742734801,0.6,35062,33
1742738401,0,43584,4
1742742001,0,43584,4
1742745601,0,43584,4
1742749202,0,43584,4
1742752801,0,43584,4
1742756402,0.6,43518,8
1742760001,0,43584,4
1742763601,0,40531,5
1742767201,0,43584,4
1742770801,0,49507,5
1742774402,0,43584,4
1742778001,0,43533,6
1742781601,0,43533,6
1742785202,0,43584,4
1742788801,0,43584,4
1742792401,0,43584,4
1742796001,0,43584,4
1742799601,1.8,43570,44
1742803202,0,43584,4
1742806801,0.6,41829,9
1742810401,0,43584,4
1742817601,0,43584,4
1742821201,1.2,35029,33
1742824801,0,43584,4
1742828401,0,43584,4
1742832001,0,43584,4
1742835601,0,43584,4
1742839201,0,43584,4
1742842802,0,43584,4
1742846401,0,43584,4
1742850001,0,40531,5
1742853602,0,43584,4
1742857202,0,49507,5
1742860801,0,43584,4
1742864401,0,43533,6
1742868001,0,43533,6
1742871601,0,43584,4
1742875202,0,43584,4
1742878801,0,43584,4
1742882401,0,43584,4
1742886001,1.8,43571,44
1742889601,0,43584,4
1742893201,0,40531,5
1742900402,0,43584,4
1742904002,0,43584,4
1742907602,0.6,35069,33
1742911201,0,43584,4
1742914801,0,43584,4
1742918401,0,43584,4
1742922001,0,43584,4
1742925602,0,43584,4
1742929201,0,43584,4
1742932801,0,43518,8
1742936401,0,40531,5
1742940001,0,43584,4
1742943601,0.6,46816,9
1742947202,0,43584,4
1742950802,0,43533,6
1742954402,0,43533,6
1742958001,0,72050,7
1742961601,0,43584,4
1742965201,0,43584,4
1742968801,0,43518,8
1742972402,1.8,43569,44
1742976001,0,43584,4
1742979601,0,40531,5
1742983201,0,43584,4
1742986801,0,43584,4
1742994002,0.6,35082,33
1742997601,0,43584,4
1743001201,0,43518,8
1743004802,0,43584,4
1743008401,0,43584,4
1743012002,0,43584,4
1743015601,0,43584,4
1743019201,0,43584,4
1743022801,0,40531,5
1743026402,0,43584,4
1743030002,0.6,46816,9
1743033601,0,43584,4
1743037202,0,43533,6
1743040802,0,43533,6
1743044401,0,43584,4
1743048001,0,43584,4
1743051601,0.6,43518,8
1743055201,0,43584,4
1743058801,1.8,43571,44
1743062402,0,43584,4
1743069601,0.6,61709,11
1743073201,0,43584,4
1743076802,0,43584,4
1743080402,0.6,35040,33
1743084001,0,43584,4
1743087601,0,43584,4
1743091201,0,43584,4
1743094801,0,43518,8
1743098401,0,43584,4
1743102002,0,43584,4
1743105601,0,43584,4
1743109201,0,40531,5
1743112801,0,43584,4
1743116402,0,49507,5
1743120001,0,43584,4
1743123601,0,43533,6
1743127202,0.6,65748,9
1743130802,0,72123,7
1743134401,0,43584,4
1743138002,0,43518,8
1743141601,0,72142,7
1743145201,1.8,43571,44
1743148801,0,43518,8
1743156001,0,43584,4
1743159601,0,43584,4
1743163201,0,43584,4
1743166801,0.6,35103,33
1743170401,0,43584,4
1743174002,0,43584,4
1743177602,0,43584,4
1743181201,0,43518,8
1743184801,0,43584,4
1743188401,0,72142,7
1743192001,0,43584,4
1743195601,0,40531,5
1743199201,0,72142,7
1743202801,0,49507,5
1743206402,0,43584,4
1743210002,0,43533,6
1743213601,0,43533,6
1743217201,0,43584,4
1743220801,0,43584,4
1743224402,0,43584,4
1743228002,0,43584,4
1743231602,1.8,43571,44
1743235201,0,43584,4
1743238801,0,40531,5
1743242401,0,43584,4
1743249601,0,43584,4
1743253202,0.6,35072,33
1743256801,0,43584,4
1743260401,0,43584,4
1743264002,0,72142,7
1743267601,0,72142,7
1743271201,0,43584,4
1743274801,0,43584,4
1743278401,0,43584,4
1743282001,0,40531,5
1743285601,0,43584,4
1743289202,0.6,46816,9
1743292801,0,43584,6
1743296401,0,43533,6
1743300001,0,43533,6
1743303601,0,43584,4
1743307201,0,43584,4
1743310801,0,43584,4
1743314402,0,43584,4
1743318002,1.8,43571,44
1743325201,0,40531,5
1743328802,0,68574,8
1743332401,0,43584,4
1743336001,0.6,60200,12
1743339601,0.6,35083,33
1743343201,0,43584,4
1743346802,0,43584,4
1743350402,0,43584,4
1743354002,0.6,43518,8
1743357602,0,43584,4
1743361201,0,72142,7
1743364801,0,43584,4
1743368402,0,40531,5
1743372001,0,43584,4
1743375601,0,49507,5
1743379202,0,43584,4
1743382801,0,43533,6
1743386401,0,43533,6
1743390001,0,43584,4
1743393601,0,43584,4
1743397202,0,43584,4
1743400801,0,43584,4
1743404401,0,43557,6
1743408001,0,43584,4
1743411602,0,40531,5
1743415201,0,43584,4
1743418801,0,43584,4
1743426001,0.6,35100,33
1743429601,0,43584,4
1743433201,0,43584,4
1743436802,0,43584,4
1743440402,0,43584,4
1743444001,0,43584,4
1743447602,0,43584,4
1743451201,0,43584,4
1743454801,0,40531,5
1743458401,0,43584,4
1743462002,0,49507,5
1743465601,0,43584,4
1743469201,0,43533,6
1743472802,0,43533,6
1743476401,0,43584,4
1743480001,0,43584,4
1743483601,0,43584,4
1743487201,0,43584,4
1743490801,1.8,47830,47
1743494401,0,43584,4
1743498001,0,40531,5
1743505201,0,43584,4
1743508802,0,43584,4
1743512401,0.6,35101,33
1743516001,0,43584,4
1743519601,0,43584,4
1743523201,0,43584,4
1743526802,0,43584,4
1743530402,0,43584,4
1743534001,0,43584,4
1743537601,0,43584,4
1743541201,0,40531,5
1743544801,0,43584,4
1743548401,0,49507,5
1743552002,0,72233,7
1743555601,0,43533,6
1743559201,0,43533,6
1743562801,0,43584,4
1743566401,0,43584,4
1743570002,0,43404,4
1743573601,0,43584,4
1743577201,1.8,43571,44
1743580801,0,43584,4
1743584401,0,40531,5
1743591602,0,43584,4
1743595201,0,43584,4
1743598801,0.6,34943,33
1743602401,0,43584,4
1743606001,0,43584,4
1743609601,0,43584,4
1743613202,0,43584,4
1743616801,0,43584,4
1743620402,0,43584,4
1743624001,0,43584,4
1743627601,0,40531,5
1743631201,0,43584,4
1743634801,0,49507,5
1743638401,0,43584,4
1743642001,0,43533,6
1743645602,0,43533,6
1743649201,0,43584,4
1743652801,0,43584,4
1743656401,0,43584,4
1743660002,0,43584,4
1743667202,0,43584,4
1743670801,0,40531,5
1743674401,0,43584,4
1743678001,0,43584,4
1743681601,0,43584,4
1743685201,0.6,35024,33
1743688801,0,43584,4
1743692401,0,43584,4
1743696001,0,43584,4
1743699601,0,43584,4
1743703201,0,43584,4
1743706801,0,43584,4
1743710401,0,43584,4
1743714002,0,40531,5
1743717601,0,43584,4
1743721201,0,49507,5
1743724802,0,43584,4
1743728402,0,43533,6
1743732002,0,43533,6
1743735601,0,43518,8
1743739202,0,43584,4
1743742801,0,43584,4
1743746402,0,43584,4
1743750002,1.8,43571,44
1743757201,0,40531,5
1743760802,0,43584,4
1743764401,0,43584,4
1743768001,0,43584,4
1743771602,0.6,35057,33
1743775201,0,43584,4
1743778802,0,43584,4
1743782401,0,43584,4
1743786001,0,43584,4
1743789601,0,43584,4
1743793202,0,43584,4
1743796801,0,43584,4
1743800401,0,40531,5
1743804002,0,43584,4
1743807601,0.6,46816,9
1743811201,0,43584,4
1743814801,0,65819,9
1743818402,0,43533,6
1743822002,0,43584,4
1743825602,0,43584,4
1743829202,0,43584,4
1743832801,0,43584,4
1743836401,1.8,43570,44
1743843601,0,40531,5
1743847201,0,43584,4
1743850802,0,43584,4
1743854402,0,43584,4
1743858001,0.6,35018,33
1743861602,0,43518,8
1743865201,0,43584,4
1743868801,0,43584,4
1743872402,0,43584,4
1743876002,0,43584,4
1743879601,0,43584,4
1743883201,0,43584,4
1743886801,0,41829,9
1743890402,0,43584,4
1743894002,0,49507,5
1743897602,0,43584,4
1743901201,0,43533,6
1743904802,0,43533,6
1743908401,0,43584,4
1743912001,0,43584,4
1743915601,0,43584,4
1743919202,0,43584,4
1743922801,1.8,43570,44
1743926402,0,43584,4
1743930001,0,40531,5
1743933601,0,72105,7
1743940801,0,43518,8
1743944401,0.6,35029,33
1743948001,0,43584,4
1743951601,0,43584,4
1743955202,0,43584,4
1743958801,0,43584,4
1743962401,0,43584,4
1743966001,0,43584,4
1743969601,0,43584,4
1743973201,0,40531,5
1743976802,0,43584,4
1743980402,0,49507,5
1743984002,0,43584,4
1743987601,0,43533,6
1743991201,0,43533,6
1743994801,0,43584,4
1743998401,0,43584,4
1744002002,0,43584,4
1744005601,0,43584,4
1744009201,1.8,43573,44
1744012801,0,43584,4
1744016402,0,41829,9
1744023601,0,43584,4
1744027201,0,43584,4
1744030801,1.2,35102,33
1744034401,0,43584,4
1744038001,0,43584,4
1744041602,0,43584,4
1744045201,0,43584,4
1744048802,0,43584,4
1744052401,0,43584,4
1744056001,0.6,48590,14
1744059602,0,43401,7
1744063202,0,45915,6
1744066801,0,49507,5
1744070401,0,43584,4
1744074001,0,43533,6
1744077601,0.6,43501,10
1744081201,0,43584,4
1744084801,0,43584,4
1744088401,0,43584,4
1744092001,0,43584,4
1744095602,1.8,43571,44
1744099201,0,43584,4
1744106401,0,43584,4
1744110002,0,43584,4
1744113602,0,43584,4
1744117201,1.2,35975,37
1744120801,0,43584,4
1744124402,0,43584,4
1744128001,0,43584,4
1744131601,0,43584,4
1744135201,0,72123,7
1744138801,0,43584,4
1744142401,0.6,43518,8
1744146001,0,40531,5
1744149602,0,43584,4
1744153201,0,49507,5
1744156801,0,43584,4
1744160401,0,43533,6
1744164001,0,43533,6
1744167602,0,43584,4
1744171201,0,43584,4
1744174802,0,43584,4
1744178401,0,43584,4
1744182002,1.8,43570,44
1744185601,0,43584,4
1744192802,0.6,43518,8
1744196402,0,43584,4
1744200001,0,43584,4
1744203601,0.6,35095,33
1744207201,0,43584,4
1744210801,0,43584,4
1744214401,0,43584,4
1744218001,0,43584,4
1744221602,0,43584,4
1744225202,0,43584,4
1744228801,0,43584,4
1744232401,0,40531,5
1744236001,0,43584,4
1744239602,0,49507,5
1744243201,0,43584,4
1744246801,0,43533,6
1744250402,0,43533,6
1744254002,0,43584,4
1744257601,0,43584,4
1744261201,0,43584,4
1744264801,0,72142,7
1744272002,0,43584,4
1744275601,0,40531,5
1744279201,0,43584,4
1744282801,0,43584,4
1744286401,0,43584,4
1744290001,0.6,35044,33
1744293601,0,43584,4
1744297202,0,43518,8
1744300802,0,43584,4
1744304402,0,43584,4
1744308001,0.6,43518,8
1744311602,0,43584,4
1744315202,0,43584,4
1744318801,0,40531,5
1744322402,0,43584,4
1744326002,0,49507,5
1744329601,0,43584,4
1744333202,0.6,65776,9
1744336802,0,43533,6
1744340401,0,43584,4
1744344001,0,43584,4
1744347601,0,43584,4
1744351201,0,43584,4
1744354801,1.8,43571,44
1744362001,0,40531,5
1744365601,0,43584,4
1744369201,0.6,43518,8
1744372802,0,72160,7
1744376401,1.2,35933,37
1744380002,0,43584,4
1744383602,0,43584,4
1744387202,0,72142,7
1744390801,0,43584,4
1744394401,0,43584,4
1744398002,0,43584,4
1744401601,0,43584,4
1744405201,0,40531,5
1744408802,0,43584,4
1744412402,0,49507,5
1744416002,0,43584,4
1744419602,0,43533,6
1744423202,0,43533,6
1744426801,0,43584,4
1744430402,0,43584,4
1744434001,0.6,43518,8
1744437601,0,43584,4
1744441201,1.8,43571,44
1744448401,0,40531,5
1744452001,0.6,43518,8
1744455601,0,43584,4
1744459202,0,43584,4
1744462801,1.2,35957,37
1744466402,0,43584,4
1744470001,0,43584,4
1744473601,0,72142,7
1744477202,0,43584,4
1744480801,0,43584,4
1744484402,0,43584,4
1744488001,0,43584,4
1744491601,0,40531,5
1744495201,0,43584,4
1744498801,0,49507,5
1744502401,0,43584,4
1744506001,0,43533,6
1744509601,0,43533,6
1744513201,0,72142,7
1744516801,0,43584,4
1744520401,0,43584,4
1744524001,0,43584,4
1744527602,2.4,43571,44
1744531201,0,43584,4
1744534801,0,40531,5
1744538402,0,43584,4
1744542002,0,43584,4
1744549201,0.6,35110,33
1744552802,0,43584,4
1744556401,0,43584,4
1744560001,0,43584,4
1744563601,0,43584,4
1744567201,0,43584,4
1744570801,0,43584,4
1744574401,0,43584,4
1744578002,0,40531,5
1744581601,0,43518,8
1744585202,0,72290,8
1744588801,0,43584,4
1744592401,0,43533,6
1744596002,0,65776,9
1744599601,0,43584,4
1744603201,0,43584,4
1744606801,0,43584,4
1744610401,0,43584,4
1744614001,1.8,43571,44
1744621201,0,40531,5
1744624801,0,43584,4
1744628401,0,43584,4
1744632001,0,43584,4
1744635601,1.2,35040,33
1744639201,0,43584,4
1744642802,0,43584,4
1744646402,0,43584,4
1744650002,0,72142,7
1744653601,0.6,43518,8
1744657201,0,43584,4
1744660802,0,43584,4
1744664402,0,40531,5
1744668001,0,43584,4
1744671601,0,49507,5
1744675201,0,43584,4
1744678802,0,43533,6
1744682401,0,43533,6
1744686001,0,43584,4
1744689601,0,43584,4
1744693201,0,43584,4
1744696802,0,43584,4
1744700401,1.8,43561,48
1744707601,0,40531,5
1744711202,0,43584,4
1744714801,0,43584,4
1744718402,0,43518,8
1744722001,1.2,34403,34
1744725601,0,43584,4
1744729201,0,43584,4
1744732801,0,43584,4
1744736401,0,43584,4
1744740002,0,43584,4
1744743601,0,43584,4
1744747201,0,43584,4
1744750802,0,40531,5
1744754401,0,43518,8
1744758002,0,49507,5
1744761601,0,43584,4
1744765201,0,43533,6
1744768801,0,43533,6
1744772401,0,43584,4
1744776001,0,43584,4
1744779601,0,43584,4
1744783201,0,43584,4
1744790401,0,43584,4
1744794001,0,66664,8
1744797601,0,43584,4
1744801201,0,43584,4
1744804801,0,43584,4
1744808402,0.6,35066,33
1744812001,0,43584,4
1744815601,0,43584,4
1744819201,0,43584,4
1744822802,0,43584,4
1744826402,0,43584,4
1744830001,0,43584,4
1744833601,0,43584,4
1744837201,0,40531,5
1744840802,0,43518,8
1744844402,0,49507,5
1744848001,0,43584,4
1744851601,0,43533,6
1744855201,0,43533,6
1744858802,0,43584,4
1744862401,0,43584,4
1744866002,0,43584,4
1744869601,0,43584,4
1744873201,1.8,43561,48
1744880401,0,41829,9
1744884001,0,43584,4
1744887602,0,43584,4
1744891201,0,43584,4
1744894802,1.2,35053,33
1744898402,0,43584,4
1744902001,0,43584,4
1744905601,0,43584,4
1744909202,0,43584,4
1744912802,0,72142,7
1744916401,0,43584,4
1744920002,0,43584,4
1744923601,0,40531,5
1744927202,0,43584,4
1744930801,0,49507,5
1744934402,0,43584,4
1744938001,0,43533,6
1744941601,0,43533,6
1744945201,0,43584,4
1744948801,0,72142,7
1744952401,0,72160,7
1744956001,0,43584,4
1744959602,1.8,43570,44
1744963202,0,43584,4
1744966801,0,40531,5
1744974001,0,43584,4
1744977601,0,43584,4
1744981201,0.6,35028,33
1744984801,0,43584,4
1744988402,0,43584,4
1744992002,0,43584,4
1744995601,0,43584,4
1744999201,0,43584,4
1745002802,0,43584,4
1745006402,0,43584,4
1745010001,0,40531,5
1745013601,0,43584,4
1745017201,0,49507,5
1745020801,0,43584,4
1745024401,0,43533,6
1745028001,0,43533,6
1745031601,0,43518,8
1745035201,0.6,43518,8
1745038801,0,43518,8
1745042401,0,43518,8
1745046001,1.8,43571,44
1745053201,0,66680,8
1745056802,0,43584,4
1745060401,0,43584,4
1745064002,0,43584,4
1745067602,0.6,35070,33
1745071201,0,43584,4
1745074801,0,72160,7
1745078401,0,43584,4
1745082001,0,43584,4
1745085601,0,43584,4
1745089201,0,43584,4
1745092801,0,43584,4
1745096401,0,40531,5
1745100002,0,43584,4
1745103601,0,49507,5
1745107202,0,43584,4
1745110801,0,43533,6
1745114401,0,43533,6
1745118002,0,43584,4
1745121601,0,43584,4
1745125201,0,43584,4
1745128801,0,43584,4
1745132401,1.8,43571,44
1745139601,0,40531,5
1745143201,0,43584,4
1745146802,0,43584,4
1745150401,0,43584,4
1745154001,1.2,35097,33
1745157601,0,43584,4
1745161201,0,43584,4
1745164802,0,43584,4
1745168402,0,43584,4
1745172001,0,43584,4
1745175601,0,43584,4
1745179201,0,43584,4
1745182801,0,40531,5
1745186401,0,43584,4
1745190002,0,49507,5
1745193602,0,43584,4
1745197201,0,43533,6
1745200802,0,43533,6
1745204401,0,43584,4
1745208002,0,43584,4
1745211601,0,43584,4
1745215201,0.6,43518,8
1745218801,1.2,43571,44
1745222401,0,43584,4
1745226001,0,40531,5
1745229601,0,43584,4
1745233201,0,43584,4
1745236801,0,43584,4
1745244001,0,43584,4
1745247601,0,72215,7
1745251201,0,43584,4
1745254801,0,43584,4
1745258402,0,43584,4
1745262001,0,43584,4
1745265601,0,72233,7
1745269201,0,40531,5
1745272801,0,43584,4
1745276401,0,49507,5
1745280002,0,43584,4
1745283601,0,43533,6
1745287202,0,43533,6
1745290802,0,43584,4
1745294401,0,43518,8
1745298001,0,43584,4
1745301601,0,43584,4
1745305202,1.8,43571,44
1745312402,0,40531,5
1745330401,0,0,0
1745334001,0,43584,4
1745337601,0,43584,4
1745341201,0,43518,8
1745344802,0,43584,4
1745348401,0,43584,4
1745352001,0,43584,6
1745355601,0.6,41829,9
1745359202,0,43584,4
1745362801,0,49507,5
1745366401,0,43584,4
1745370001,0,43533,6
1745373601,0,43533,6
1745377201,0,43584,4
1745380802,0.6,43518,8
1745384402,0,37586,5
1745388002,0,43584,4
1745391601,1.8,43570,44
1745395201,0,43584,4
1745402401,0,43584,4
1745406002,0,43584,4
1745409601,0,43584,4
1745413201,1.2,35060,33
1745416801,0,43584,4
1745420401,0,43584,4
1745424002,0,43584,4
1745427602,0.6,61791,11
1745431201,0,43584,4
1745434801,0,43584,4
1745438402,0,43584,4
1745442001,0,40531,5
1745445601,0,43584,4
1745449201,0,49507,5
1745452802,0,43584,4
1745456401,0,43533,6
1745460001,0.6,43501,10
1745463601,0,43584,4
1745467201,0,43584,4
1745470802,0,43584,4
1745474401,0,43584,4
1745478002,1.8,43571,44
1745481601,0,43584,4
1745485201,0,66808,8
1745488801,0,43584,4
1745492402,0,43584,4
1745499602,1.2,35070,33
1745503201,0,43518,8
1745506801,0,43584,4
1745510402,0,43584,4
1745514002,0,43584,4
1745517601,0,43518,8
1745521202,0,72325,7
1745524801,0,43584,4
1745528401,0,40531,5
1745532002,0,43584,4
1745535601,0,49507,5
1745539201,0,43584,4
1745542801,0,43533,6
1745546402,0,43533,6
1745550001,0,43584,4
1745553602,0,43584,4
1745557201,0,43584,4
1745560801,0,72288,7
1745564401,1.8,43571,44
1745568001,0,43584,4
1745571602,0,40531,5
1745575201,0,43584,4
1745578801,0,43584,4
1745582401,0,43584,4
1745589601,0,43584,4
1745593201,0,43584,4
1745596802,0,43584,4
1745600401,0,43584,4
1745604001,0,43584,4
1745607601,0,43584,4
1745611202,0,43584,4
1745614802,0,40531,5
1745618401,0,43584,4
1745622001,0,49507,5
1745625601,0,43584,4
1745629201,0,43533,6
1745632801,0,43533,6
1745636402,0,43584,4
1745640001,0,43584,4
1745643601,0,43584,4
1745647201,0,43584,4
1745650801,1.8,47847,47
1745658001,0,40531,5
1745661601,0,43584,4
1745665202,0,43584,4
1745668802,0,43584,4
1745672401,1.2,35995,37
1745676001,0,43584,4
1745679601,0,43584,4
1745683201,0,43584,4
1745686801,0,43584,4
1745690402,0,43584,4
1745694001,0,43584,4
1745697601,0,43584,4
1745701202,0,40531,5
1745704801,0,43584,4
1745708401,0,49507,5
1745712001,0,43584,4
1745715602,0,43533,6
1745719201,0.6,43501,10
1745722802,0,43584,4
1745726402,0,43584,4
1745730001,0,43584,4
1745733602,0,43584,4
1745737201,1.8,43571,44
1745740801,0,43584,4
1745744401,0,40531,5
1745748001,0,68702,8
1745751601,0,43584,4
1745758801,0.6,35040,33
1745762401,0,72288,7
1745766002,0,43584,4
1745769602,0,43584,4
1745773202,0,43584,4
1745776801,0.6,61802,11
1745780402,0,43584,4
1745784002,0,43584,4
1745787602,0,40531,5
1745791201,0,43584,4
1745794802,0,49507,5
1745798401,0,43584,4
1745802001,0,43533,6
1745805601,0,43533,6
1745809201,0,43584,4
1745812802,0,43584,4
1745816401,0,43518,8
1745820001,0,43584,4
1745823601,1.8,43570,44
1745827201,0,43584,4
1745830801,0,40531,5
1745834402,0,72288,7
1745841602,0,43584,4
1745845201,1.2,35077,33
1745848802,0,43584,4
1745852401,0,43584,4
1745856001,0,43584,4
1745859601,0,43584,4
1745863202,0,43584,4
1745866801,0,43584,4
1745870401,0,43584,4
1745874001,0,40531,5
1745877601,0,77091,6
1745881201,0,48523,6
1745884801,0,43584,4
1745888401,0,43533,6
1745892002,0,43533,6
1745895602,0,43584,4
1745899201,0,43584,4
1745902801,0,43584,4
1745906402,0,43584,4
1745910002,1.8,43570,44
1745913602,0,43584,4
1745917201,0,41829,9
1745920801,0,72306,7
1745928001,0,43518,8
1745931602,1.2,35118,33
1745935201,0,43518,8
1745938801,0,43584,4
1745942401,0,43584,4
1745946001,0,43584,4
1745949601,0.6,43518,8
1745953201,0,43584,4
1745956801,0,43584,4
1745960401,0,40531,5
1745964002,0,43584,4
1745967601,0,49507,5
1745971201,0,43584,4
1745974802,0,43533,6
1745978401,0,43456,8
1745982001,0,43584,4
1745985601,0,43584,4
1745989201,0,0,0
1745992801,0,0,0
1745996401,1.8,43571,44
1746000002,0,43584,4
1746003601,0,40531,5
1746007202,0,43584,4
1746014401,0,43584,4
1746018001,1.2,35097,33
1746021601,0,43518,8
1746025201,0,43584,4
1746028801,0,43584,4
1746032402,0,43584,4
1746036001,0,43584,4
1746039601,0,43584,4
1746043201,0,43584,4
1746046801,0.6,41829,9
1746050401,0,72361,7
1746054001,0,49507,5
1746057601,0,43584,4
1746061201,0,43533,6
1746064802,0,43533,6
1746068401,0,43584,4
1746072001,0.6,43518,8
1746075601,0,43584,4
1746079202,0,43584,4
1746082801,1.8,43571,44
1746086401,0,43584,4
1746090001,0,40531,5
1746093601,0,43584,4
1746097201,0,43584,4
1746104401,1.2,35055,33
1746108001,0,43584,4
1746111601,0,43584,4
1746115202,0,43584,4
1746118801,0,43584,4
1746122401,0,43584,4
1746126002,0,43584,4
1746129601,0,43584,4
1746133201,0,40531,5
1746136802,0,43584,4
1746140401,0,49507,5
1746144001,0,43584,4
1746147601,0,43533,6
1746151201,0,43533,6
1746154802,0,43584,4
1746158401,0,43584,4
1746162002,0,43584,4
1746165601,0,43584,4
1746169202,1.8,43570,44
1746172801,0,72398,7
1746176401,0,40531,5
1746180001,0,43584,4
1746187202,0,43584,4
1746190801,1.2,35021,33
1746194401,0,43584,4
1746198001,0,43584,4
1746201601,0,43584,4
1746205201,0,43584,4
1746208801,0,43584,4
1746212402,0,43584,4
1746216001,0,43584,4
1746219601,0.6,41829,9
1746223202,0,43584,4
1746226801,0,49507,5
1746230402,0,43584,4
1746234002,0,43533,6
1746237602,0,43533,6
1746241201,0,43584,4
1746244802,0,43584,4
1746248401,0,43584,4
1746252001,0,43584,4
1746259201,0,43584,4
1746262801,0,40531,5
1746266401,0,43584,4
1746270002,0,43584,4
1746273601,0,43584,4
1746277201,0.6,35039,33
1746280801,0,43518,8
1746284401,0,72361,7
1746288001,0,72361,7
1746291602,0,43584,4
1746295201,0,43584,4
1746298801,0,43584,4
1746302401,0,43584,4
1746306001,0,40531,5
1746309601,0,43584,4
1746313201,0,49507,5
1746316801,0,43584,4
1746320401,0,43533,6
1746324002,0,43533,6
1746327601,0,43584,4
1746331201,0,43584,4
1746334802,0,43584,4
1746338401,0,72361,7
1746342001,1.8,43571,44
1746345602,0,43584,4
1746352802,0,43584,4
1746356401,0,43584,4
1746360001,0,43584,4
1746363601,1.2,35094,33
1746367201,0,43584,4
1746370801,0,43584,4
1746374401,0,43584,4
1746378001,0,43584,4
1746381601,0,43584,4
1746385201,0,43584,4
1746388801,0,43584,4
1746392401,0,40531,5
1746396002,0,43584,4
1746399601,0,49507,5
1746403201,0,43584,4
1746406801,0,43533,6
1746410402,0,43533,6
1746414001,0,43584,4
1746417601,0,43584,4
1746421202,0,43584,4
1746424801,0,43584,4
1746428401,1.8,43571,44
1746432001,0.6,43518,8
1746439202,0,43584,4
1746442801,0,43584,4
1746446402,0.6,43518,8
1746450001,0.6,35959,37
1746453601,0,43584,4
1746457201,0,43584,4
1746460801,0,43518,8
1746464402,0,43584,4
1746468001,0,43584,4
1746471601,0,43584,4
1746475201,0,43584,4
1746478801,0,40531,5
1746482402,0,43584,4
1746486001,0,49507,5
1746489601,0,43584,4
1746493201,0,43533,6
1746496802,0,43533,6
1746500402,0,43584,4
1746504001,0,43584,4
1746507601,0,43584,4
1746511202,0,43584,4
1746514801,1.8,43570,44
1746522001,0,40531,5
1746525601,0,43584,4
1746550801,0,43584,4
1746561601,0,43584,4
1746586801,0,43584,4
1746594001,0,43584,4
1746597601,0,43584,4
1746601201,1.8,43570,44
1746622802,0.6,35082,33
1746684002,0,43584,4
1746687601,1.8,43570,44
1746702001,0,43584,4
1746727202,0,43584,4
1746730801,0,43584,4
1746748801,0,43584,4
1746756002,0,43533,6
1746766802,0,43584,4
1746770402,0,43584,4
1746788402,0,43584,4
1746792001,0,43584,4
1746806401,0,43584,4
1746817202,0,43584,4
1746820801,0,43584,4
1746835201,0,43584,4
1746838801,0,43533,6
1746842401,0,43533,6
1746846001,0,43584,4
1746853201,0,43584,4
1746856801,0,43584,4
1746864001,0,43584,4
1746874802,0,43584,4
1746878401,0,43584,4
1746882001,1.2,35054,33
1746889201,0,43584,4
1746892801,0,43584,4
1746896401,0,43584,4
1746900001,0,43584,4
1746903601,0,43584,4
1746907201,0,43584,4
1746918002,0,49507,5
1746925201,0,43533,6
1746928801,0,66060,9
1746936001,0,43584,4
1746939601,0,43584,4
1746943202,0,43584,4
1746946801,1.8,43570,44
1746961202,0,43584,4
1746964801,0,43584,4
1746968402,1.2,35100,33
1746982802,0,43584,4
1746986401,0,43584,4
1746990001,0,43584,4
1746993602,0,43584,4
1747015202,0,43533,6
1747018801,0,43584,4
1747022401,0,43584,4
1747029601,0,43518,8
1747033202,2.4,43570,44
1747044001,0.6,43518,8
1747051201,0,43584,4
1747105201,0,43584,4
1747112401,0,43584,4
1747116001,0,43584,4
1747119601,1.8,43570,44
1747130401,0,43584,4
1747137602,0,43584,4
1747141202,0.6,35084,33
1747159201,0,43584,4
1747162801,0,43584,4
1747166401,0,43584,4
1747184402,0,43533,6
1747188001,0,43533,6
1747191601,0,43584,4
1747195201,0.6,43518,8
1747198801,0,43584,4
1747202401,0,43584,4
1747206001,1.8,43569,44
1747220402,0,43584,4
1747242002,0,43584,4
1747245602,0,43584,4
1747274402,0,43533,6
1747278001,0,43584,4
1747285201,0,43584,4
1747288802,0,43584,4
1747292402,1.8,43571,44
1747314001,1.2,35087,33
1747364401,0,43584,4
1747368001,0,43584,4
1747371602,0,43584,4
1747375202,0,43584,4
1747378801,1.8,43570,44
1747393201,0,43584,4
1747396802,0.6,43518,8
1747418401,0,43584,4
1747425602,0,43584,4
1747447202,0.6,43480,8
1747450801,0,43584,4
1747458001,0,43584,4
1747461601,0,43584,4
1747465201,1.8,43570,44
1747479602,0,43584,4
1747483201,0,71355,7
1747486801,0.6,35056,33
1747504802,0,71355,7
1747508401,0,43584,4
1747512001,0,43584,4
1747522801,0,49507,5
1747526401,0,43584,4
1747530001,0,43533,6
1747533602,0,43533,6
1747537201,0,43518,8
1747540802,0,43584,4
1747544401,0,43584,4
1747548001,0,43584,4
1747551602,2.4,43561,48
1747562401,0,43584,4
1747566001,0,43584,4
1747569601,0,43584,4
1747587602,0,43584,4
1747591201,0,43584,4
1747594801,0,43584,4
1747598402,0,43584,4
1747612801,0,43584,4
1747616401,0,43533,6
1747620001,0.6,43501,10
1747623601,0,43584,4
1747627201,0.6,43518,8
1747630801,0,43584,4
1747634401,0,43584,4
1747638002,1.8,43569,44
1747659601,0.6,35100,33
1747681201,0,71447,7
1747684801,0,43584,4
1747692001,0,43584,4
1747695602,0,49507,5
1747699201,0,43584,4
1747702801,0,43533,6
1747706401,0,43533,6
1747710002,0,43518,8
1747713601,0,43584,4
1747717201,0,43584,4
1747720802,0,43584,4
1747724401,1.8,43570,44
1747728002,0,43584,4
1747735202,0,43584,4
1747738801,0,43584,4
1747742401,0,43584,4
1747746002,1.2,41187,36
1747749602,0,43584,4
1747753201,0,43584,4
1747756802,0,43584,4
1747760402,0,43584,4
1747764002,0,43584,4
1747767601,0,43518,8
1747771201,0,43584,4
1747774801,0,40531,5
1747778402,0,43584,4
1747782001,0,49507,5
1747785601,0,71465,7
1747789202,0,43533,6
1747792802,0,43533,6
1747796402,0,43584,4
1747800001,0,43584,4
1747803601,0,43584,4
1747807202,0,43584,4
1747810801,1.8,43570,44
1747814401,0,43584,4
1747818001,0,40531,5
1747821601,0,43584,4
1747825202,0.6,43518,8
1747832401,1.2,35118,33
1747836001,0,43584,4
1747839602,0,43584,4
1747843202,0.6,43518,8
1747846801,0,43584,4
1747850402,0,43584,4
1747854001,0,43584,4
1747857601,0,43584,4
1747861202,0,40531,5
1747864802,0,43584,4
1747868401,0,49507,5
1747872001,0,43584,4
1747875602,0,43533,6
1747879202,0,43533,6
1747882801,0,43584,4
1747886402,0,43584,4
1747890001,0,43584,4
1747893602,0,43584,4
1747900801,0,43584,4
1747904401,0,41829,9
1747908002,0,43584,4
1747911602,0,43584,4
1747915201,0,43584,4
1747918802,0.6,35084,33
1747922401,0,43584,4
1747926002,0,43518,8
1747929601,0,43584,4
1747933201,0,43584,4
1747936801,0,43584,4
1747940402,0,43584,4
1747944001,0,43518,8
1747947601,0,40531,5
1747951201,0,43584,4
1747954801,0,49507,5
1747958401,0,71447,7
1747962001,0,43533,6
1747965601,0,43533,6
1747969201,0,43584,4
1747972801,0,43584,4
1747976401,0,43584,4
1747980001,0,71447,7
1747983602,1.8,43571,44
1747990801,0,40531,5
1747994401,0,43584,4
1747998001,0,43584,4
1748001601,0,43584,4
1748005201,0.6,35095,33
1748008801,0,43584,4
1748012401,0,43584,4
1748016001,0,43518,8
1748019602,0,43584,4
1748023201,0,71465,7
1748026801,0,43584,4
1748030402,0.6,43518,8
1748034001,0,66088,8
1748037601,0,43584,4
1748041201,0,49507,5
1748044802,0,43584,4
1748048401,0,43533,6
1748052001,0,43533,6
1748055602,0,43518,8
1748062801,0,37587,5
1748066402,0,43584,4
1748070001,1.8,43571,44
1748073601,0,43584,4
1748077201,0,40531,5
1748080801,0,43584,4
1748084401,0,43584,4
1748088002,0,71483,7
1748095202,0,43584,4
1748098801,0,43584,4
1748102401,0,43584,4
1748106001,0,43584,4
1748109601,0,43584,4
1748113201,0,43584,4
1748116801,0,43584,4
1748120401,0,40531,5
1748124001,0,43584,4
1748127601,0,49507,5
1748131201,0,71483,7
1748134802,0,43533,6
1748138401,0,43533,6
1748142001,0,43584,4
1748149202,0,43584,4
1748152801,0,71502,7
1748156401,1.8,43571,44
1748160001,0,43584,4
1748167201,0,43584,4
1748170801,0,43584,4
1748174402,0.6,43518,8
1748178001,0.6,35058,33
1748181602,0,43584,4
1748185201,0,71483,7
1748188801,0,43584,4
1748192401,0,43584,4
1748196001,0,43584,4
1748199601,0,43584,4
1748203201,0,43584,4
1748206801,0,40531,5
1748210402,0,43584,4
1748214001,0,49507,5
1748217601,0,43584,4
1748221201,0,43533,6
1748224801,0,43533,6
1748228401,0,43584,4
1748232001,0,43584,4
1748235602,0.6,43518,8
1748239201,0,43584,4
1748242801,1.8,43571,44
1748246401,0,43584,4
1748257201,0,43584,4
1748264401,1.2,35119,33
1748271601,0,43518,8
1748275202,0,71483,7
1748278801,0,43584,4
1748282402,0,43584,4
1748286001,0,71483,7
1748289602,0,71483,7
1748293201,0,40531,5
1748296802,0,71465,7
1748300401,0,49507,5
1748304001,0,43584,4
1748307602,0,43533,6
1748311201,0,43533,6
1748314801,0,43584,4
1748318401,0,43584,4
1748322001,0.6,82643,10
1748325601,0,43584,4
1748329202,2.4,43570,44
1748332801,0,43584,4
1748340001,0,43584,4
1748343601,0,43584,4
1748347201,0,43584,4
1748350801,0.6,35087,33
1748354401,0,43584,4
1748358001,0,43584,4
1748361601,0,43584,4
1748365201,0,43584,4
1748368801,0,43584,4
1748372401,0,43518,8
1748376001,0,43584,4
1748379601,0,40531,5
1748383202,0,67998,8
1748386801,0,49507,5
1748390401,0,43584,4
1748394001,0,43533,6
1748397601,0,43533,6
1748401201,0,43584,4
1748404801,0,43584,4
1748408401,0,43584,4
1748412002,0,43584,4
1748415601,1.8,43570,44
1748419201,0,43584,4
1748422801,0,40531,5
1748426401,0,43584,4
1748430001,0,43584,4
1748433602,0,43584,4
1748440801,0,71538,7
1748494801,0,71538,7
1748545201,0,43584,4
1748584801,0,71575,7
1748624401,0,71575,7
1748628001,0,43518,8
1748671201,0,43584,4
1748674801,1.8,43570,44
1748689202,0,43584,4
1748710801,0,43584,4
1748739601,0,43533,6
1748746801,0,43584,4
1748754001,0,43584,2
1748761202,1.8,43570,44
1748772001,0.6,61395,11
1748775601,0,43518,8
1748779202,0,71648,7
1748800801,0,43584,4
1748804402,0,43584,4
1748808001,0,43518,8
1748811602,0,40531,5
1748840402,0,43584,4
1748890802,0,43584,4
1748894402,0,43584,4
1748898001,0,40531,5
1748912401,0,43543,7
1748934001,1.8,43570,44
1748955601,0.6,35042,33
1748973602,0,43584,2
1748995202,0,43584,2
1748998802,0,43533,6
1749002401,0,43533,6
1749006001,0,43584,4
1749009601,0,43584,4
1749052802,0,43584,4
1749067201,0,43584,4
1749099601,0,43584,2
1749103201,0,43584,4
1749117601,0,0,0
1749178801,0,43584,4
1749229201,0,43584,4
1749279602,1.8,50785,54
1749322801,0,43584,4
1749326402,0,43584,4
1749330001,0,40531,5
1749333601,0,43584,4
1749337202,0,49507,5
1749340801,0,43584,4
1749344401,0,43533,6
1749348001,0.6,65236,9
1749351601,0,43584,4
1749355201,0,43584,4
1749358801,0,43584,4
1749362402,0,43584,4
1749366002,1.8,43571,44
1749369601,0,71465,7
1749373201,0,40531,5
1749376802,0,43584,4
1749380401,0,43584,4
1749387601,1.2,35111,33
1749391201,0,43584,4
1749394801,0,76109,6
1749398401,0,43587,5
1749402001,0,43584,4
1749405602,0,71465,7
1749409201,0,43584,4
1749412801,0,43584,4
1749416401,0,40531,5
1749420001,0,43584,4
1749423601,0.6,46816,9
1749427201,0,43584,4
1749430801,0,43533,6
1749434401,0,43533,6
1749438001,0,43584,4
1749441601,0,71465,7
1749445201,0,71465,7
1749448801,0,82618,10
1749452401,1.8,43571,44
1749456001,0,71465,7
1749459601,0,40531,5
1749463201,0,43584,4
1749466801,0,43584,4
1749470401,0,43584,4
1749477602,0,43584,4
1749481201,0,71465,7
1749484801,0,43584,4
1749488401,0,43584,4
1749492001,0,86953,9
1749495602,0,67982,8
1749499201,0,71465,7
1749502802,0,40531,5
1749506401,0,43584,4
1749510002,0,49507,5
1749513601,0,43584,4
1749517201,0,67940,8
1749520801,0,43543,7
1749524401,0,43584,4
1749528002,0,71465,7
1749531601,0.6,43518,8
1749535202,0,43584,4
1749538802,1.8,43571,44
1749542401,0,71483,7
1749546002,0,69301,7
1749549601,0,43587,5
1749553201,0,43584,4
1749560402,1.2,35114,33
1749564001,0,43584,4
1749567601,0,76131,6
1749571202,0,43587,5
1749574802,0,43584,4
1749578401,0,43584,4
1749582001,0,43584,4
1749585601,0,71502,7
1749589201,0,40531,5
1749592801,0,43584,4
1749596401,0,71714,8
1749600002,0,43584,4
1749603601,0,43533,6
1749607201,0,43533,6
1749610802,0,43584,4
1749614402,0,43584,4
1749618001,0,43584,4
1749621602,0,43584,4
1749625202,1.8,43571,44
1749661201,0,43584,4
1749708001,0,43584,4
1749711601,1.8,43571,44
1749740402,0,43584,4
1749772801,0,43584,4
1749776401,0,43533,6
1749780001,0,65392,9
1749783602,0,71666,7
1749787201,0,43584,4
1749790801,0,43584,4
1749794401,0,71666,7
1749798001,1.8,43571,44
1749801601,0,43584,4
1749805201,0,40531,5
1749808801,0,43584,4
1749816001,0,43584,4
1749819602,0.6,35096,33
1749823201,0,43584,4
1749826801,0,43584,4
1749830402,0,43584,4
1749834001,0,71666,7
1749837601,0,43584,4
1749841202,0,43584,4
1749844802,0,71666,7
1749855602,0,49501,5
1749859201,0,43584,4
1749862802,0,43533,6
1749866401,0,43533,6
1749877201,0,43584,4
1749880801,0,43584,4
1749884401,1.8,43571,44
1749888001,0,43584,4
1749895201,0,43584,4
1749898802,0,43584,4
1749902401,0,43584,4
1749909601,0,43584,4
1749913201,0,43584,4
1749924001,0,71666,7
1749934801,0,66248,8
1749942001,0.6,46812,9
1749952802,0,65392,9
1749963601,0,43584,4
1749967202,0,43584,4
1749970801,1.2,43571,44
1749974401,0,43584,4
1749988801,0,43584,2
1750006801,0,71666,7
1750042801,0,43584,4
1750053601,0,43584,4
1750100402,0,71703,7
1750136401,0,43584,4
1750154401,0,0,0
1750222801,0,43584,4
1750291202,0,43584,4
1750294801,0,65435,9
1750309201,0,82989,10
1750316402,1.8,43571,44
1750330801,0,43584,2
1750338001,0.6,35097,33
1750395602,0,71776,7
1750438801,0,43584,2
1750471202,0,43533,6
1750478402,0,43584,4
1750485602,0,71758,7
1750489201,1.8,43570,44
1750514402,0,43584,4
1750518002,0,43584,4
1750521601,0,43584,4
1750532401,0,71758,7
1750546802,0,71934,8
1750550401,0,76451,6
1750554001,0,43543,7
1750557601,0,43533,6
1750568401,0,43584,4
1750575601,1.8,43571,44
1750586401,0,43584,4
1750590002,0,43584,4
1750593601,0,43584,4
1750600802,0,43584,4
1750622402,0,43584,4
1750644001,0,43533,6
1750654801,0,43584,4
1750658401,0,43584,4
1750669202,0,40531,5
1750690801,0,43584,4
1750701601,0,71739,7
1750705201,0,71739,7
1750723201,0,43584,4
1750734001,0,71758,7
1750737601,0,43584,4
1750741201,0,37587,5
1750744802,0,43584,4
1750748401,1.8,43570,44
1750752001,0,43584,4
1750770001,0.6,35065,33
1750824001,0,43584,4
1750849201,0,71813,7
1750856401,0.6,35037,33
1750870801,0,43584,4
1750914001,0,43584,4
1750917602,0,43584,2
1750921202,1.8,43571,44
1750924801,0,43584,4
1750928401,0,40531,5
1750932001,0,43587,5
1750935602,0,43584,4
1750939201,0,43584,4
1750942801,0.6,35948,37
1750946401,0,43584,4
1750950002,0,43584,4
1750953601,0,65550,9
1750957201,0,43584,4
1750960802,0.6,43518,8
1751000401,0,43584,4
1751004001,0,43584,4
1751007601,1.8,43570,44
1751011201,0,43584,4
1751018401,0,43584,4
1751022001,0,43584,4
1751025602,0,43584,4
1751029201,0.6,34570,31
1751032801,0,43584,4
1751036401,0,43584,4
1751040001,0,43584,4
1751043601,0,43584,4
1751054401,0,43584,4
1751058001,0,40531,5
1751065201,0,49501,5
1751068802,0,71977,7
1751072401,0,43533,6
1751076001,0,43533,6
1751079602,0,43584,4
1751083201,0,43584,4
1751086801,0,43584,4
1751090401,0,71995,7
1751094001,1.8,43560,48
1751097601,0,43584,4
1751101201,0,40531,5
1751104801,0,43584,4
1751112002,0,43584,4
1751115601,1.2,41323,36
1751119201,0,43584,4
1751122801,0,43584,4
1751126401,0,43584,4
1751130001,0,43584,4
1751133601,0,43584,4
1751137202,0,43584,4
1751140801,0,43584,4
1751144401,0,40531,5
1751148001,0,71995,7
1751151601,0,49501,5
1751155201,0,43584,4
1751158801,0,43533,6
1751162402,0,43533,6
1751166001,0,43584,4
1751169602,0,43518,8
1751173202,0,43584,4
1751176801,0,43584,4
1751180402,1.8,43571,44
1751184001,0,43584,4
1751187601,0,40531,5
1751194801,0,43584,4
1751198402,0,43584,4
1751202002,0.6,35058,33
1751205601,0,43584,4
1751209202,0,72014,7
1751212801,0,43584,4
1751216402,0,43584,4
1751220002,0,43584,4
1751223602,0,43584,4
1751227201,0,72014,7
1751230802,0,40531,5
1751234401,0,43584,4
1751238001,0,49501,5
1751241601,0.6,43518,8
1751245201,0,43533,6
1751248801,0.6,65662,9
1751252402,0,43584,4
1751256002,0,43584,4
1751259601,0,72014,7
1751263201,0,43584,4
1751266801,1.8,43570,44
1751270402,0,43584,4
1751274001,0,40531,5
1751281202,0,43584,4
1751284801,0,43584,4
1751288401,0.6,35089,33
1751292001,0,43584,4
1751295601,0,76749,6
1751299201,0,43587,5
1751302802,0,43584,4
1751306402,0,72014,7
1751310001,0,43584,4
1751313602,0,43584,4
1751317201,0,40531,5
1751320801,0,43584,4
1751324401,0,49501,5
1751328002,0,43518,8
1751331601,0,43533,6
1751335201,0.6,60097,12
1751338801,0,71995,7
1751342402,0,43587,5
1751346001,0,43584,4
1751349601,0,43584,4
1751353201,1.8,43571,44
1751360401,0,40531,5
1751364002,0,43584,4
1751367602,0,71995,7
1751371201,0,43584,4
1751374801,0.6,35057,33
1751378401,0,71995,7
1751382001,0,43584,4
1751385601,0,43584,4
1751389201,0,43584,4
1751392801,0,43584,4
1751396401,0,43584,4
1751400002,0,43584,4
1751403602,0,78356,11
1751407201,0,43584,4
1751410801,0,49501,5
1751414401,0,43584,4
1751418001,0,65648,9
1751421601,0,43533,6
1751425201,0,43584,4
1751428802,0,43584,4
1751432401,0,43584,4
1751436001,0,43584,4
1751439601,1.8,43571,44
1751446802,0.6,41829,9
1751450401,0,43584,4
1751454001,0,43584,4
1751457601,0,43584,4
1751461201,0.6,35086,33
1751464801,0,43584,4
1751468401,0,43584,4
1751472001,0,43584,4
1751475601,0,72032,7
1751479201,0,43584,4
1751482801,0.6,43518,8
1751486401,0,43584,4
1751490001,0,40531,5
1751493602,0,43584,4
1751497201,0,49501,5
1751500801,0,72050,7
1751504401,0,43533,6
1751508001,0,43533,6
1751511601,0,43584,4
1751515201,0,43584,4
1751518801,0,43584,4
1751522401,0,43584,4
1751526001,1.8,47811,47
1751529602,0,43584,4
1751533201,0,40531,5
1751536802,0,43584,4
1751540401,0,43584,4
1751547601,0.6,35087,33
1751551201,0,43584,4
1751554801,0,43584,4
1751558401,0,43584,4
1751562001,0,43518,8
1751565601,0,43584,4
1751569201,0,43584,4
1751572801,0,72050,7
1751576401,0,40531,5
1751580001,0,43584,4
1751583601,0,49501,5
1751587201,0,43584,4
1751590802,0,65691,9
1751594401,0,43533,6
1751598001,0,43584,4
1751601601,0,43584,4
1751605201,0,43584,4
1751608801,0,43584,4
1751612402,1.8,43571,44
1751616001,0,43584,4
1751623201,0,43584,4
1751626801,0,43584,4
1751630401,0,72032,7
1751634002,0.6,35106,33
1751637601,0,43584,4
1751641201,0,72069,7
1751644802,0,43584,4
1751648401,0,43584,4
1751652001,0,43584,4
1751655602,0,43584,4
1751659201,0,68510,8
1751662801,0,41829,9
1751666401,0,43584,4
1751670001,0,49501,5
1751673601,0,43584,4
1751677201,0,43533,6
1751680801,0,43533,6
1751684402,0,43584,4
1751688001,0,43584,4
1751691602,0,43584,4
1751695201,0,43584,4
1751698801,1.8,43570,44
1751702402,0,43584,4
1751706001,0,40531,5
1751709601,0,43584,4
1751713202,0,43584,4
1751720402,0.6,41321,36
1751724001,0,43584,4
1751727601,0,43584,4
1751731201,0,43584,4
1751734801,0,43584,4
1751738401,0,43584,4
1751742001,0,43584,4
1751745602,0,43584,4
1751749201,0,40531,5
1751752802,0,43584,4
1751756401,0,49501,5
1751760001,0,43584,4
1751763602,0,43533,6
1751767201,0,43533,6
1751770801,0,43584,4
1751774401,0,43584,4
1751778001,0,43584,4
1751781601,0.6,43518,8
1751785202,1.8,50966,54
1751788801,0,43584,4
1751792401,0,66680,8
1751796002,0,43584,4
1751799602,0,43518,8
1751806802,0.6,35057,33
1751810401,0,43584,4
1751814002,0,43584,4
1751817602,0,43584,4
1751821202,0,43584,4
1751824802,0,43584,4
1751828401,0,43584,4
1751832001,0,43584,4
1751835601,0,40531,5
1751839201,0,43584,4
1751842801,0,49501,5
1751846402,0,43518,8
1751850001,0,43533,6
1751853601,0,43533,6
1751857201,0,43584,4
1751860801,0,43584,4
1751864401,0,43584,4
1751868001,0,43584,4
1751871601,1.8,43571,44
1751878801,0,40531,5
1751882401,0,43584,4
1751886002,0,43584,4
1751889601,0,43584,4
1751893201,1.2,35992,37
1751896801,0,43584,4
1751900401,0,43584,4
1751904001,0,43584,4
1751907601,0,43584,4
1751911201,0,43584,4
1751914801,0,43584,4
1751918402,0,43584,4
1751922001,0,40531,5
1751925601,0,43584,4
1751929201,0,49501,5
1751932801,0.6,61721,11
1751936402,0.6,43501,10
1751940001,0,43533,6
1751943601,0,43518,8
1751947201,0.6,43518,8
1751950801,0,72160,7
1751954401,0,43584,4
1751958002,1.2,43571,44
1751961602,0,43584,4
1751965202,0,40531,5
1751968801,0,43584,4
1751972402,0,43584,4
1751979601,1.2,35047,33
1751983201,0,43518,8
1751986802,0,43584,4
1751990401,0,43518,8
1751994001,0,43584,4
1751997601,0,43584,4
1752001201,0,72178,7
1752004801,0,43584,4
1752008402,0,40531,5
1752012001,0,43584,4
1752015601,0,49501,5
1752019201,0,43584,4
1752022802,0,43533,6
1752026401,0,43533,6
1752030001,0,43584,4
1752033602,0,43584,4
1752037202,0,43584,4
1752040801,0,43584,4
1752044401,1.8,43570,44
1752051602,0,40531,5
1752055201,0,43584,4
1752058801,0,43584,4
1752062402,0,43584,4
1752066001,0.6,35075,33
1752069602,0,43584,4
1752073202,0,43584,4
1752076801,0,43584,4
1752080402,0,43584,4
1752084001,0,43584,4
1752087601,0,43584,4
1752091202,0,43584,4
1752094801,0,40531,5
1752098401,0,43584,4
1752102001,0,49501,5
1752105601,0,43584,4
1752109201,0,43533,6
1752112801,0,43533,6
1752116401,0,43584,4
1752120001,0,43584,4
1752123601,0,43584,4
1752127201,0,43584,4
1752130801,1.8,47829,47
1752138001,0,40531,5
1752141601,0,43584,4
1752145202,0,43584,4
1752148802,0,72178,7
1752152401,0.6,35066,33
1752156001,0,43584,4
1752159601,0,43584,4
1752163201,0,43584,4
1752166801,0,43584,4
1752170402,0,43584,4
1752174001,0,43584,4
1752177601,0,43584,4
1752181201,0,40531,5
1752184801,0.6,43518,8
1752188401,0,49501,5
1752192001,0,43584,4
1752195601,0,43533,6
1752199201,0,43533,6
1752202801,0,43518,8
1752206401,0,43584,4
1752210001,0,43584,4
1752213602,0,43584,4
1752217202,1.8,43554,44
1752224401,0,40531,5
1752228002,0,43584,4
1752231601,0,43584,4
1752235201,0,43584,4
1752238801,0.6,41353,36
1752242401,0,43584,4
1752246001,0,43584,4
1752249602,0,43584,4
1752253202,0,43584,4
1752256802,0,43584,4
1752260401,0,43584,4
1752264001,0,43584,4
1752267602,0,40531,5
1752271201,0,43584,4
1752274801,0,49501,5
1752278402,0,43584,4
1752282001,0,43533,6
1752285601,0,43533,6
1752289201,0,43584,4
1752292802,0,72215,7
1752296402,0,43584,4
1752300001,0,43584,4
1752303602,1.8,43570,44
1752307202,0,43584,4
1752310801,0,41829,9
1752314401,0,43584,4
1752318001,0,43584,4
1752325201,1.2,35085,33
1752328802,0,43584,4
1752332401,0,43584,4
1752336001,0,72233,7
1752339602,0,43584,4
1752343202,0,43584,4
1752346801,0,43584,4
1752350402,0,43584,4
1752354002,0,66744,8
1752357602,0,43584,4
1752361202,0,49501,5
1752364801,0,43584,4
1752368401,0,43533,6
1752372001,0.6,65833,9
1752375601,0,72233,7
1752379201,0,43584,4
1752382801,0,43584,4
1752386401,0,43584,4
1752390001,1.2,43570,44
1752393601,0,43584,4
1752397201,0,41829,9
1752400802,0,43518,8
1752404401,0,43584,4
1752411602,0.6,41346,36
1752415201,0,43584,4
1752418801,0,43584,4
1752422401,0,43584,4
1752426001,0,43584,4
1752429601,0,43584,4
1752433201,0,43584,4
1752436801,0,43584,4
1752440401,0,40531,5
1752444001,0,43518,8
1752447601,0.6,46812,9
1752451201,0,43584,4
1752454801,0,43533,6
1752458401,0,43533,6
1752462001,0,43584,4
1752465601,0,43584,4
1752469201,0,43584,4
1752472801,0,43584,4
1752476402,1.8,43571,44
1752480001,0,43584,4
1752483601,0,40531,5
1752487201,0,43584,4
1752490801,0,43584,4
1752498001,0.6,35054,33
1752501602,0,43584,4
1752505201,0,43584,4
1752508802,0,43584,4
1752512402,0,43584,4
1752516001,0,43584,4
1752519601,0,43584,4
1752523201,0,43584,4
1752526802,0,41829,9
1752530401,0,43584,4
1752534001,0,49501,5
1752537601,0,43584,4
1752541202,0,43533,6
1752544801,0,43533,6
1752548401,0,43584,4
1752552001,0,43584,4
1752555601,0,43584,4
1752559201,0,43584,4
1752562801,1.8,43570,44
1752570001,0,40531,5
1752573601,0,43584,4
1752577202,0,43584,4
1752580801,0,43584,4
1752584401,0.6,35104,33
1752588002,0,43584,4
1752591602,0,43584,4
1752595201,0,43584,4
1752598802,0,43584,4
1752602401,0,43584,4
1752606001,0,43584,4
1752609601,0,43584,4
1752613202,0,40531,5
1752616801,0,43584,4
1752620401,0,49501,5
1752624001,0,43584,4
1752627601,0,43533,6
1752631202,0,43533,6
1752634801,0,43584,4
1752638401,0,43584,4
1752642002,0,43584,4
1752645602,0,43584,4
1752649202,1.8,43570,44
1752652802,0,43584,4
1752656401,0,40531,5
1752660001,0,43584,4
1752663601,0,43584,4
1752667201,0,43584,4
1752674402,0,43584,4
1752678001,0,43584,4
1752681601,0,43584,4
1752685201,0,43584,4
1752688801,0,43584,4
1752692402,0,43584,4
1752696002,0,43584,4
1752699601,0,40531,5
1752703201,0,43584,4
1752706801,0,49501,5
1752710401,0,43584,4
1752714001,0,43533,6
1752717601,0,43533,6
1752721201,0,43584,4
1752724801,0,43584,4
1752728401,0,43584,4
1752732002,0,43584,4
1752735601,1.8,47520,51
1752739201,0,43584,4
1752742801,0,40531,5
1752750001,0.6,43518,8
1752753602,0,43584,4
1752757202,0.6,35118,33
1752760801,0,43584,4
1752764401,0,43584,4
1752768001,0,43584,4
1752771601,0,43518,8
1752775201,0,43584,4
1752778802,0,43584,4
1752782401,0,43584,4
1752786002,0,40531,5
1752789602,0,43584,4
1752793201,0,49501,5
1752796802,0,43584,4
1752800401,0,43533,6
1752804002,0,43533,6
1752807602,0,43584,4
1752811201,0,43584,4
1752814802,0,43584,4
1752818402,0,43584,4
1752822002,1.8,43570,44
1752829202,0,40531,5
1752832801,0,43584,4
1752836401,0,43584,4
1752840002,0,43584,4
1752843601,0.6,35082,33
1752847201,0,43518,8
1752850802,0,43584,4
1752854402,0,43584,4
1752858002,0,43584,4
1752861601,0,43584,4
1752865201,0,43584,4
1752868802,0,43584,4
1752872401,0,40531,5
1752876001,0,43584,4
1752879601,0,72496,8
1752883201,0,43584,8
1752886801,0,43546,8
1752890401,0.6,43501,10
1752894001,0,43584,4
1752897601,0,43584,4
1752901201,0.6,43518,8
1752904802,0,43584,4
1752908401,1.8,43571,44
1752912001,0,43584,4
1752915601,0,40531,5
1752922801,0,43518,8
1752926401,0,43518,8
1752930001,0.6,35108,33
1752933601,0,72400,7
1752937202,0,43584,4
1752940801,0.6,43518,8
1752944402,0,43584,4
1752948001,0,43584,4
1752951601,0,72400,7
1752955202,0.6,61873,11
1752958802,0,40531,5
1752962401,0,43518,8
1752966001,0,49501,5
1752969601,0,43584,4
1752973201,0,43533,6
1752976801,0,65963,9
1752980401,0,43584,4
1752984001,0,43584,4
1752987602,0,43584,4
1752991202,0,43584,4
1752994801,2.4,43570,44
1752998401,0.6,43518,8
1753002002,0,40531,5
1753005601,0,43584,4
1753009201,0,43584,4
1753016402,1.2,35061,33
1753020001,0,43584,4
1753023601,0,72400,7
1753027201,0,43518,8
1753030801,0,43584,4
1753034401,0,43584,4
1753038001,0,43584,4
1753041602,0,43584,4
1753045201,0,40531,5
1753048802,0,43584,4
1753052401,0,49501,5
1753056001,0,43584,4
1753059601,0,43533,6
1753063202,0,43533,6
1753066801,0,43584,4
1753070401,0.6,61873,11
1753074001,0.6,43518,8
1753077601,0,43584,4
1753081202,1.8,43561,48
1753084801,0,43584,4
1753088401,0,40531,5
1753092001,0,43584,4
1753095601,0,43584,4
1753102802,1.2,35943,37
1753106401,0,43584,4
1753110001,0,43584,4
1753113602,0,43584,4
1753117202,0,43584,4
1753120801,0,43584,4
1753124401,0,43584,4
1753128001,0,43584,4
1753131601,0,40531,5
1753135201,0,43584,4
1753138801,0,49501,5
1753142402,0,43584,4
1753146001,0,43533,6
1753149601,0,43533,6
1753153202,0,43584,4
1753156801,0,43584,4
1753160401,0.6,43518,8
1753164001,0,43584,4
1753167601,1.8,43570,44
1753174802,0,41829,9
1753178402,0,43584,4
1753182001,0,43584,4
1753185601,0,43584,4
1753189201,0.6,35064,33
1753192801,0,43584,4
1753196401,0,43584,4
1753200002,0,43584,4
1753203601,0,43584,4
1753207201,0,43518,8
1753210801,0,72418,7
1753214402,0.6,43518,8
1753218001,0,70251,7
1753221601,0,43590,5
1753225202,0,49501,5
1753228801,0,43584,4
1753232402,0,43533,6
1753236001,0,43533,6
1753239602,0,43584,4
1753243201,0,43584,4
1753246801,0.6,43518,8
1753250401,0,43584,4
1753254001,1.8,43569,44
1753261201,0,40531,5
1753264801,0,43584,4
1753268402,0,72437,7
1753272001,0,43584,4
1753275602,0.6,35084,33
1753279201,0,43584,4
1753282801,0,43584,4
1753286401,0,43584,4
1753290001,0,43584,4
1753293602,0,43584,4
1753297202,0,43584,4
1753300801,0,72437,7
1753304402,0,40531,5
1753308002,0,43584,4
1753311601,0,72528,8
1753315201,0,43584,4
1753318801,0,43533,6
1753322401,0,43533,6
1753326002,0,43584,4
1753329601,0,43584,4
1753333201,0,43584,4
1753336802,0.6,43518,8
1753340401,1.8,43570,44
1753344001,0.6,43518,8
1753347602,0,40531,5
1753351201,0,43584,4
1753354802,0,43584,4
1753362001,0.6,41411,36
1753365601,0,43584,4
1753369202,0,43584,4
1753372801,0,43584,4
1753376401,0,43584,4
1753380002,0,43584,4
1753383602,0,43584,4
1753387202,0,43584,4
1753390801,0,40531,5
1753394402,0,43584,4
1753398001,0,49501,5
1753401602,0,43584,4
1753405202,0.6,43501,10
1753408801,0,43533,6
1753412401,0,43584,4
1753416002,0,43584,4
1753419601,0,37587,5
1753423201,0,43584,4
1753426801,1.8,43570,44
1753430401,0,43584,4
1753434001,0,40531,5
1753441201,0,43584,4
1753444802,0,43584,4
1753448402,1.2,35070,33
1753452002,0,43584,4
1753455601,0,43584,4
1753459201,0,43584,4
1753462802,0,43584,4
1753466401,0,43584,4
1753470002,0,43584,4
1753473601,0,43584,4
1753477201,0,40531,5
1753480802,0,43584,4
1753484401,0,49501,5
1753488001,0,43584,4
1753491601,0,43533,6
1753495201,0.6,43501,10
1753498801,0,43584,4
1753502401,0.6,43518,8
1753506001,0.6,61373,11
1753509602,0,43584,4
1753513201,1.8,43570,44
1753516802,0,43584,4
1753520401,0,40531,5
1753524001,0,43584,4
1753527601,0,43584,4
1753534801,1.2,35956,37
1753538401,0,43584,4
1753542001,0,43584,4
1753545602,0,43584,4
1753549201,0,43518,8
1753552801,0.6,43518,8
1753556401,0,43584,4
1753560001,0,43584,4
1753563602,0,40531,5
1753567202,0,43584,4
1753570801,0,71872,8
1753574402,0,71687,7
1753578002,0,43533,6
1753581601,0,43533,6
1753585201,0,43584,4
1753588802,0,43518,8
1753592401,0,43584,4
1753596002,0,43584,4
1753599601,1.8,43571,44
1753606801,0,40531,5
1753610401,0,43584,4
1753614001,0,43584,4
1753617602,0,43584,4
1753621201,1.2,35106,33
1753624801,0,43584,4
1753628401,0,43584,4
1753632002,0,43584,4
1753635601,0,43584,4
1753639202,0,43584,4
1753642801,0,43584,4
1753646402,0,43584,4
1753650001,0,40531,5
1753653601,0,71687,7
1753657202,0,49501,5
1753660801,0,71705,7
1753664401,0,43533,6
1753668001,0,43533,6
1753671601,0.6,43518,8
1753675201,0.6,43518,8
1753678802,0,43584,4
1753682401,0,43584,4
1753686001,1.8,43569,44
1753689601,0,43584,4
1753693202,0,40531,5
1753696801,0,43584,4
1753700401,0,43584,4
1753707601,1.2,36032,37
1753711201,0,71705,7
1753714802,0,43584,4
1753718401,0,43584,4
1753722002,0,43584,4
1753725601,0,43584,4
1753729202,0.6,49428,24
1753732801,0,46590,7
1753736402,0,40531,5
1753740001,0.6,46552,14
1753743601,0,49501,5
1753747201,0,43584,4
1753750802,0,43533,6
1753754401,0,43533,6
1753758001,0,43584,4
1753761601,0,43584,4
1753765201,0,43584,4
1753768801,0,43584,4
1753772401,1.8,43570,44
1753779602,0,40531,5
1753783201,0.6,43518,8
1753786801,0,43584,4
1753790401,0,43584,4
1753794001,0.6,35118,33
1753797602,0,43584,4
1753801201,0,43584,4
1753804801,0,43518,8
1753808401,0,43584,4
1753812002,0,71723,7
1753815601,0,43584,4
1753819201,0,43584,4
1753822802,0,40531,5
1753826401,0,43584,4
1753830002,0,49501,5
1753833602,0,43584,4
1753837201,0.6,43501,10
1753840801,0,43533,6
1753844401,0,43584,4
1753848001,0,43584,4
1753851601,0.6,43518,8
1753855202,0,43584,4
1753862402,0,43584,4
1753866001,0,40531,5
1753869602,0,43584,4
1753873201,0,43584,4
1753876801,0,43584,4
1753880401,0.6,35088,33
1753884001,0,43584,4
1753887602,0,43584,4
1753891201,0,43584,4
1753894801,0,43584,4
1753898401,0,43584,4
1753902002,0,43584,4
1753905601,0,43584,4
1753909201,0,40531,5
1753912801,0,43584,4
1753916402,0,49501,5
1753920001,0,43584,4
1753923601,0,43533,6
1753927201,0.6,43501,10
1753930801,0,43584,4
1753934401,0,43518,8
1753938002,0,43518,8
1753941602,0,71778,7
1753945201,1.8,43570,44
1753948801,0,43584,4
1753956001,0,43584,4
1753959601,0,43584,4
1753963201,0,43584,4
1753966802,0.6,35056,33
1753970402,0,43584,4
1753974002,0,43584,4
1753977601,0,71815,7
1753981201,0,43584,4
1753984802,0,43584,4
1753988401,0,43584,4
1753992001,0,43584,4
1753995602,0,40531,5
1753999201,0,43584,4
1754002801,0,49501,5
1754006401,0.6,43518,8
1754010001,0,65536,9
1754013601,0,43533,6
1754017201,0,43584,4
1754020802,0,43584,4
1754024401,0,43584,4
1754028002,0,43584,4
1754031601,1.8,43571,44
1754038801,0,40531,5
1754042401,0,43584,4
1754046002,0,43584,4
1754049601,0,43584,4
1754053202,0.6,35072,33
1754056801,0,43584,4
1754060402,0,43584,4
1754064002,0,43584,4
1754067602,0,43584,4
1754071202,0,43584,4
1754074801,0,43584,4
1754078401,0,43584,4
1754082001,0,40531,5
1754085602,0,43584,4
1754089202,0,72016,8
1754092801,0,43584,4
1754096401,0,43533,6
1754100001,0,43533,6
1754103602,0,43584,4
1754107201,0,43584,4
1754110801,0,43584,4
1754114402,0,43584,4
1754118001,1.8,43571,44
1754121601,0,43584,4
1754125201,0,40531,5
1754128801,0,43584,4
1754132402,0,43584,4
1754136002,0,43584,4
1754143201,0,43584,4
1754146801,0,43584,4
1754150401,0,71851,7
1754154002,0,43584,4
1754157602,0,43584,4
1754161201,0,43584,4
1754164801,0,43584,4
1754168401,0,40531,5
1754172001,0,43584,4
1754175601,0,49501,5
1754179201,0,43584,4
1754182802,0,43533,6
1754186402,0,43533,6
1754190001,0,43584,4
1754193601,0,43584,4
1754197202,0,43584,4
1754200801,0,43584,4
1754204401,1.8,43570,44
1754208002,0,43584,4
1754211602,0,40531,5
1754215201,0,43584,4
1754222401,0,43584,4
1754226001,1.2,35042,33
1754229601,0,43584,4
1754233201,0,43584,4
1754236801,0,43584,4
1754240402,0,43584,4
1754244002,0,43584,4
1754247602,0,43584,4
1754251201,0,43584,4
1754254801,0,40531,5
1754258401,0,43584,4
1754262002,0.6,71968,8
1754265601,0,43584,4
1754269202,0,68228,8
1754272801,0,43545,7
1754276401,0,43584,4
1754280001,0,43584,4
1754283601,0,43584,4
1754287201,0,43584,4
1754290801,1.8,43570,44
1754294401,0,43584,4
1754298001,0,40531,5
1754301602,0,43584,4
1754305201,0,43584,4
1754312401,0.6,35075,33
1754316001,0,43584,4
1754319601,0,83082,10
1754323201,0,43584,4
1754326801,0,43584,4
1754330401,0,71797,7
1754334001,0,43584,4
1754337601,0,43584,4
1754341202,0,78103,11
1754344801,0,71797,7
1754348402,0,49501,5
1754352001,0.6,43518,8
1754355601,0,65493,9
1754359201,0,43533,6
1754362801,0,43584,4
1754366401,0,43584,4
1754370001,0,43584,4
1754373601,0,43584,4
1754377201,1.8,43569,44
1754380801,0,43584,4
1754384401,0,40531,5
1754391602,0,43584,4
1754395202,0,43584,4
1754398802,0.6,35079,33
1754402401,0,43584,4
1754406002,0,43518,8
1754409602,0,43584,4
1754413202,0,43584,4
1754416801,0,71815,7
1754420401,0,43584,4
1754424001,0,43584,4
1754427601,0,40531,5
1754431202,0,43584,4
1754434801,0,49501,5
1754438401,0,43584,4
1754442001,0.6,43501,10
1754445602,0,43533,6
1754449201,0,43584,4
1754452801,0,43584,4
1754456402,0,43584,4
1754460002,0,43584,4
1754463601,1.8,43570,44
1754470801,0,40531,5
1754474401,0,43584,4
1754478001,0,43584,4
1754481602,0,43584,4
1754485201,0.6,35069,33
1754488801,0,43584,4
1754492401,0,43584,4
1754496002,0,43584,4
1754499602,0,43584,4
1754503201,0,43584,4
1754506801,0,43584,4
1754510401,0,43584,4
1754514001,0,40531,5
1754517601,0,43518,8
1754521201,0,49501,5
1754524801,0,43584,4
1754528402,0,43533,6
1754532001,0,43533,6
1754535601,0,43584,4
1754539202,0,43584,4
1754542801,0,43584,4
1754546402,0,43584,4
1754550001,1.8,43570,44
1754553601,0,43584,4
1754557202,0,40531,5
1754564401,0,43584,4
1754568002,0,43584,4
1754571601,0.6,36048,19
1754575201,0,43584,4
1754578801,0,43584,4
1754582401,0,43584,4
1754586001,0,43584,4
1754589601,0,43584,4
1754593201,0,43584,4
1754596801,0,43584,4
1754600402,0,40531,5
1754604001,0,43584,4
1754607602,0,49501,5
1754611202,0,43584,4
1754614801,0,43533,6
1754618401,0,43533,6
1754622001,0,43584,4
1754625601,0,43584,4
1754629202,0,43584,4
1754632801,0,43584,4
1754636401,1.8,43571,44
1754640001,0,43584,4
1754643601,0,40531,5
1754647201,0,43584,4
1754650802,0,43584,4
1754658002,0.6,34619,33
1754661602,0,43584,4
1754665202,0,43584,4
1754668801,0,43518,8
1754672401,0,43584,4
1754676001,0,43584,4
1754679601,0,43584,4
1754683202,0,43518,8
1754686801,0,40531,5
1754690402,0,43584,4
1754694001,0.6,46812,9
1754697601,0,43584,4
1754701202,0,43533,6
1754715602,0,43584,2
1754719201,0,43584,4
1754722801,1.8,43570,44
1754726402,0,43584,4
1754730002,0,40531,5
1754744401,0.6,34619,33
1754748001,0,43584,4
1754751601,0,43584,4
1754755201,0,43584,4
1754758801,0,43584,4
1754762401,0,43584,4
1754766001,0,43584,4
1754769601,0,43584,4
1754773201,0,40531,5
1754776801,0,43584,4
1754780401,0,49501,5
1754784002,0,43584,4
1754787601,0,43533,6
1754791201,0,43533,6
1754794801,0,43584,4
1754798402,0,43584,4
1754802001,0,43584,4
1754805601,0,43584,4
1754809201,1.8,43570,44
1754816401,0,40531,5
1754820001,0,43584,4
1754823602,0,43584,4
1754827202,0,43584,4
1754830801,0.6,34637,33
1754834402,0,43584,4
1754838002,0,43584,4
1754841601,0,43584,4
1754845201,0,43584,4
1754848801,0,43584,4
1754852402,0,43584,4
1754856001,0,43584,4
1754859601,0,40531,5
1754863201,0,43518,8
1754866801,0,49501,5
1754870402,0,43584,4
1754874002,0,43533,6
1754877602,0,43533,6
1754881201,0,43584,4
1754884801,0,43584,4
1754888401,0,43584,4
1754892002,0,43584,4
1754895601,1.8,43570,44
1754899201,0,43584,4
1754902801,0,40531,5
1754906401,0,43584,4
1754913601,0,43584,4
1754917201,0.6,36076,19
1754920801,0,43584,4
1754924401,0,43584,4
1754928001,0,43584,4
1754931601,0,43584,4
1754935201,0,43584,4
1754938801,0,43584,4
1754942402,0,43584,4
1754946001,0,40531,5
1754949601,0,43584,4
1754953201,0,49501,5
1754956801,0,43584,4
1754960401,0,43533,6
1754964001,0,43533,6
1754967602,0,43584,4
1754971202,0,43584,4
1754974801,0,43584,4
1754978402,0,43584,4
1754982002,1.8,43570,44
1754985601,0,43584,4
1754989201,0,40531,5
1754992802,0,43584,4
1755000001,0,43584,4
1755003602,0,43584,4
1755007201,0,43584,4
1755010801,0,43584,4
1755014401,0,43584,4
1755018001,0,43584,4
1755021601,0,43584,4
1755025201,0,43584,4
1755028802,0,43584,4
1755032401,0,40531,5
1755036001,0,43584,4
1755039601,0,49501,5
1755043201,0,43584,4
1755046801,0,43533,6
1755050402,0,43533,6
1755054002,0,43584,4
1755057601,0,43518,8
1755061201,0,43584,4
1755064801,0,43584,4
1755068401,1.8,43570,44
1755072001,0,43584,4
1755075602,0,40531,5
1755079202,0,43584,4
1755082801,0,43584,4
1755086402,0,43518,8
1755093601,0,43584,4
1755097201,0,43584,4
1755100801,0,43584,4
1755104402,0,43584,4
1755108002,0,43584,4
1755111601,0,43584,4
1755115201,0,43584,4
1755118801,0,40531,5
1755122401,1.8,50092,57
1755126001,0.6,50161,13
1755129601,0,43584,4
1755133201,0,43533,6
